Released_Year,Certificate,Runtime,Genre,IMDB_Rating,Meta_score,Director,Star1,Star2,Star3,Star4,No_of_Votes,Gross
72,1,142,137,9.3,80.0,141,599,568,89,912,2343110,28341469.0
50,1,175,122,9.2,100.0,137,417,9,336,194,1620367,134966411.0
86,14,152,22,9.0,84.0,83,128,283,1,620,2303232,534858444.0
52,1,202,122,9.0,90.0,137,9,657,704,194,1129952,57300000.0
35,12,96,122,9.0,96.0,456,252,464,535,421,689845,4360000.0
81,12,201,4,8.9,94.0,383,184,797,314,678,1642758,377845905.0
72,1,154,122,8.9,94.0,391,325,792,749,111,1826188,107928762.0
71,1,195,87,8.9,94.0,470,386,639,73,132,1213505,96898818.0
88,14,148,11,8.8,74.0,83,382,409,217,496,2067042,292576195.0
77,1,139,137,8.8,66.0,100,80,189,554,931,1854740,37030102.0
79,12,178,4,8.8,92.0,383,184,300,624,799,1661481,315544750.0
72,14,142,172,8.8,82.0,426,605,667,258,779,1809221,330252182.0
44,1,161,201,8.8,90.0,449,135,196,486,17,688390,6100000.0
80,14,179,4,8.7,87.0,383,184,300,855,678,1485555,342551365.0
77,1,136,34,8.7,73.0,284,388,435,480,133,1676426,171479930.0
68,1,146,84,8.7,90.0,313,514,645,385,552,1020727,46836394.0
58,14,124,6,8.7,82.0,191,414,280,111,92,1159315,290475067.0
53,1,133,137,8.7,83.0,342,273,482,563,699,918088,112000000.0
98,6,160,87,8.6,90.0,492,390,628,491,734,55291,68034750.87364621
97,1,132,106,8.6,96.0,56,343,466,132,152,552778,53367844.0
98,12,153,137,8.6,77.97153024911032,472,577,490,631,55,54995,68034750.87364621
92,14,169,51,8.6,74.0,83,426,46,371,564,1512360,188020017.0
80,1,130,122,8.6,79.0,135,367,24,484,602,699256,7563397.0
79,12,125,69,8.6,96.0,179,153,743,584,768,651376,10055859.0
76,8,169,182,8.6,91.0,470,605,521,832,223,1235804,216540909.0
77,1,189,123,8.6,61.0,141,605,540,179,98,1147794,136801374.0
75,12,116,105,8.6,59.0,427,518,584,274,291,623629,57598247.0
73,1,127,129,8.6,65.0,100,453,81,460,38,1445096,100125643.0
69,1,118,132,8.6,85.0,253,312,51,481,479,1270197,130742922.0
55,14,121,6,8.6,90.0,158,414,280,111,19,1231473,322740140.0
40,12,133,27,8.6,85.0,316,591,6,772,853,42004,68034750.87364621
32,12,207,4,8.6,98.0,9,612,749,453,922,315744,269061.0
24,5,130,139,8.6,89.0,140,282,177,500,857,405801,68034750.87364621
97,1,122,132,8.5,59.0,499,311,657,888,263,939252,335451311.0
92,1,106,162,8.5,88.0,90,448,312,558,693,717585,13092000.0
89,14,112,83,8.5,57.0,366,658,236,622,47,760360,13182281.0
84,12,130,169,8.5,66.0,83,128,297,756,620,1190259,53089891.0
84,1,151,132,8.5,85.0,313,382,521,331,588,1189773,132384315.0
80,8,150,88,8.5,85.0,431,6,764,243,242,729603,32572577.0
78,14,155,4,8.5,67.0,411,531,379,153,676,1341460,187705427.0
76,8,119,137,8.5,62.0,507,181,187,78,394,1034705,6719864.0
73,1,106,135,8.5,77.0,64,358,241,124,827,991208,23341568.0
72,1,110,22,8.5,64.0,294,298,245,598,179,1035236,19501238.0
72,12,88,68,8.5,88.0,428,512,523,368,364,942045,422783777.0
69,12,137,34,8.5,75.0,202,45,478,208,750,995506,204843350.0
66,12,155,172,8.5,80.0,167,485,209,51,345,230763,11990401.0
66,12,89,80,8.5,94.0,192,614,63,7,920,235231,68034750.87364621
63,12,116,44,8.5,87.0,426,438,131,483,169,1058081,210609762.0
46,12,165,201,8.5,80.0,449,252,109,150,378,302844,5321508.0
38,1,109,194,8.5,97.0,22,38,339,849,422,604211,32000000.0
20,12,102,175,8.5,100.0,329,262,303,640,162,522093,1024560.0
14,3,87,101,8.5,96.0,74,111,621,301,863,217881,163245.0
9,3,87,105,8.5,99.0,74,111,802,236,316,167839,19181.0
96,1,126,137,8.4,75.0,346,654,829,91,488,62635,1661096.0
95,12,125,87,8.4,77.97153024911032,68,198,839,323,516,34112,68034750.87364621
95,14,147,22,8.4,77.97153024911032,154,490,490,856,812,28401,68034750.87364621
94,12,106,78,8.4,79.0,300,536,564,732,54,194838,5017246.0
94,12,161,16,8.4,77.97153024911032,359,0,690,231,788,156479,12391761.0
96,12,117,62,8.4,87.0,55,480,671,768,359,375110,190241310.0
97,14,181,4,8.4,78.0,36,314,658,135,585,809955,858373000.0
96,14,149,11,8.4,68.0,36,314,658,136,585,834477,678815482.0
95,12,105,69,8.4,81.0,288,5,50,254,82,384171,209726015.0
90,1,165,184,8.4,81.0,391,284,129,489,498,1357682,162805434.0
90,14,164,0,8.4,78.0,83,128,775,43,274,1516346,448139099.0
87,14,170,100,8.4,67.0,394,0,490,588,805,344445,6532908.0
85,12,165,138,8.4,77.97153024911032,0,22,151,0,864,168895,1223869.0
86,12,98,69,8.4,95.0,30,58,197,361,270,999790,223808164.0
84,1,137,170,8.4,89.0,136,616,513,764,879,358685,11286112.0
81,1,101,27,8.4,77.0,73,120,828,439,503,515451,707481.0
78,14,113,199,8.4,80.0,83,244,103,384,583,1125712,25544867.0
75,12,134,62,8.4,76.0,179,652,832,885,91,343171,2375308.0
62,1,229,122,8.4,77.97153024911032,449,514,330,215,873,311365,5321508.0
59,1,115,0,8.4,85.0,470,249,426,638,433,884112,248159971.0
58,1,146,158,8.4,66.0,463,273,715,172,797,898237,44017374.0
57,8,147,171,8.4,94.0,137,420,510,704,271,606398,83471511.0
57,8,117,195,8.4,89.0,411,564,778,399,884,787806,78900000.0
49,12,122,166,8.4,77.97153024911032,188,494,30,792,724,30273,68034750.87364621
41,12,143,129,8.4,77.97153024911032,9,612,833,810,517,34357,68034750.87364621
42,1,95,93,8.4,97.0,463,481,256,789,491,450474,275902.0
35,12,116,129,8.4,77.97153024911032,49,615,509,122,239,108862,8175000.0
35,1,88,182,8.4,90.0,463,362,640,5,284,178092,68034750.87364621
32,12,112,199,8.4,100.0,22,282,270,869,854,444074,36764313.0
28,7,110,149,8.4,77.97153024911032,49,638,269,223,655,201632,68034750.87364621
18,7,125,107,8.4,77.97153024911032,74,111,621,332,730,203150,288475.0
97,8,119,180,8.3,78.0,438,162,259,167,165,425844,159227644.0
96,1,104,144,8.3,77.97153024911032,392,26,0,782,466,27793,68034750.87364621
96,14,139,127,8.3,77.97153024911032,460,52,746,667,44,71875,1373943.0
91,12,160,132,8.3,77.97153024911032,222,452,528,61,49,30722,68034750.87364621
90,8,115,137,8.3,77.0,493,399,763,46,522,281623,687185.0
89,6,123,137,8.3,95.0,42,475,470,754,804,220002,7098492.0
88,8,131,171,8.3,80.0,110,394,571,553,650,150023,6857096.0
97,9,132,137,8.3,77.97153024911032,323,43,589,189,139,33935,68034750.87364621
83,12,112,138,8.3,77.97153024911032,546,657,227,312,227,78925,68034750.87364621
87,1,153,53,8.3,69.0,391,80,165,212,651,1267869,120540719.0
82,14,108,173,8.3,89.0,334,308,428,833,289,911664,34400301.0
79,12,122,119,8.3,69.0,219,51,520,724,550,703810,33225499.0
78,14,104,94,8.3,55.0,175,293,81,75,191,782001,30328156.0
78,1,102,137,8.3,68.0,97,187,341,364,590,766870,3635482.0
77,14,122,137,8.3,84.0,438,358,47,821,902,1069738,130096601.0
75,12,126,172,8.3,70.0,173,519,521,70,826,861606,138433435.0
75,5,89,141,8.3,77.0,299,451,29,64,652,65341,933933.0
73,12,81,67,8.3,95.0,243,605,766,200,407,887429,191796233.0
73,1,178,87,8.3,68.0,325,432,731,636,43,959181,75600000.0
70,8,99,132,8.3,79.0,391,251,768,568,154,918562,2832029.0
65,14,116,182,8.3,76.0,463,427,634,859,3,675146,46357676.0
63,1,142,180,8.3,77.97153024911032,121,15,598,504,891,59056,68034750.87364621
64,12,137,11,8.3,84.0,202,564,538,112,693,652719,85160248.0
62,8,160,87,8.3,88.0,342,203,777,214,763,369007,51973029.0
61,1,170,122,8.3,65.0,60,9,549,790,596,740911,45598982.0
61,12,131,6,8.3,58.0,409,414,280,111,92,950470,309125409.0
59,8,149,52,8.3,86.0,530,341,290,467,335,231855,11487676.0
54,1,114,122,8.3,94.0,313,514,381,158,16,724636,28262574.0
51,12,129,95,8.3,83.0,161,473,661,709,141,241513,159600000.0
49,1,136,131,8.3,77.0,463,401,611,562,899,757904,6207725.0
46,12,149,60,8.3,84.0,463,349,244,876,178,603517,56954992.0
43,12,132,201,8.3,74.0,449,135,468,270,570,232772,15000000.0
40,12,228,38,8.3,100.0,101,479,17,50,352,268085,44824144.0
38,12,125,105,8.3,94.0,49,272,718,249,728,164363,18600000.0
37,12,136,59,8.3,98.0,22,104,217,340,404,299198,13275000.0
36,1,128,197,8.3,100.0,22,282,448,65,867,364368,3200000.0
30,3,103,116,8.3,99.0,461,224,253,201,187,218957,8819028.0
30,12,143,137,8.3,77.97153024911032,9,586,590,773,318,68463,55240.0
26,12,89,137,8.3,77.97153024911032,519,372,210,494,230,146427,332930.0
22,7,107,124,8.3,95.0,49,216,65,209,119,143525,5720000.0
19,14,119,167,8.3,100.0,368,468,408,202,5,403351,1585634.0
9,7,117,135,8.3,77.97153024911032,146,478,198,320,681,143434,28877.0
6,12,153,176,8.3,98.0,146,87,25,287,765,159992,1236166.0
1,7,68,101,8.3,77.97153024911032,74,111,185,334,126,113314,5450000.0
97,14,143,100,8.2,77.97153024911032,359,579,719,848,710,33893,898575.0
96,14,138,31,8.2,77.97153024911032,8,622,606,585,917,43444,4186168.0
96,14,156,25,8.2,77.97153024911032,389,646,734,673,56,36680,68034750.87364621
96,14,130,83,8.2,69.0,382,625,495,498,800,377884,85080171.0
95,1,115,95,8.2,88.0,311,212,823,744,123,432610,54513740.0
93,14,132,129,8.2,77.97153024911032,322,267,450,602,818,31142,342370.0
95,14,167,25,8.2,77.97153024911032,437,487,641,54,845,75348,20186659.0
97,5,96,67,8.2,65.0,450,101,343,326,727,104761,68034750.87364621
93,14,163,129,8.2,77.97153024911032,358,7,720,799,719,70367,739478.0
91,14,146,40,8.2,77.97153024911032,515,344,638,502,390,60701,1429534.0
91,12,87,182,8.2,73.0,544,380,199,273,640,40382,144501.0
91,12,186,90,8.2,77.97153024911032,396,204,729,647,60,61137,1626289.0
90,1,321,17,8.2,89.0,40,402,654,600,858,82365,68034750.87364621
88,14,134,137,8.2,77.97153024911032,516,493,673,519,723,42341,7461.0
90,14,135,15,8.2,77.97153024911032,494,267,496,668,324,33237,39567.0
87,8,129,168,8.2,80.0,264,500,727,629,128,193217,6391436.0
89,14,140,29,8.2,71.0,153,606,581,387,395,435950,13657115.0
88,1,138,199,8.2,63.0,313,382,203,532,79,1129894,128012934.0
87,12,96,67,8.2,88.0,380,76,186,412,432,935507,293004164.0
91,1,180,84,8.2,75.0,313,382,406,525,606,1187498,116900694.0
85,12,153,141,8.2,68.0,452,556,796,736,809,74129,1113541.0
85,1,158,137,8.2,93.0,376,146,616,146,595,517359,40222514.0
84,14,118,148,8.2,98.0,172,270,56,766,577,618623,37634615.0
88,12,103,67,8.2,92.0,288,605,766,379,661,757032,415004880.0
83,1,132,28,8.2,62.0,210,261,577,726,828,1032749,70511035.0
84,14,167,95,8.2,77.97153024911032,396,0,726,776,805,111937,2197331.0
83,12,122,137,8.2,77.97153024911032,442,21,642,771,69,33354,733094.0
83,14,140,0,8.2,70.0,83,128,539,455,537,1308302,206852432.0
82,12,210,137,8.2,77.97153024911032,43,556,249,465,817,83005,1223240.0
82,8,156,87,8.2,82.0,363,94,23,843,462,331308,5509040.0
82,12,119,69,8.2,80.0,179,116,752,809,10,333915,4711096.0
79,14,135,85,8.2,72.0,433,531,183,364,157,848920,170742341.0
78,12,156,17,8.2,77.97153024911032,390,8,741,631,840,57057,68034750.87364621
76,1,107,17,8.2,66.0,175,290,162,606,380,535216,3897569.0
75,1,138,129,8.2,90.0,87,358,681,289,502,531967,64616940.0
74,12,128,132,8.2,77.97153024911032,537,554,790,767,918,64118,68034750.87364621
73,1,170,132,8.2,76.0,331,9,657,844,441,577113,67436818.0
73,1,178,122,8.2,73.0,313,514,714,385,370,466276,42438300.0
72,12,160,20,8.2,77.97153024911032,395,0,692,678,477,49300,68034750.87364621
70,1,130,184,8.2,85.0,84,135,252,591,741,375935,101157447.0
67,12,127,0,8.2,65.0,470,249,706,19,190,692366,197171806.0
66,8,142,95,8.2,77.97153024911032,123,161,79,505,337,26402,280015.0
66,12,86,81,8.2,86.0,179,257,593,128,808,291180,1105564.0
66,1,132,36,8.2,72.0,245,93,11,92,731,793164,83008852.0
63,12,162,31,8.2,96.0,9,591,7,376,174,112505,4135750.0
58,1,129,90,8.2,89.0,313,514,107,385,269,321860,23383987.0
57,12,162,176,8.2,77.97153024911032,25,19,19,28,667,116945,234723.0
56,12,99,162,8.2,77.97153024911032,190,266,479,487,309,26875,68034750.87364621
54,5,177,87,8.2,77.97153024911032,344,39,306,561,439,43885,68034750.87364621
53,12,204,2,8.2,77.97153024911032,397,548,163,22,31,51284,68034750.87364621
53,5,91,42,8.2,91.0,487,594,271,392,248,500875,1229197.0
41,12,172,48,8.2,86.0,248,574,326,685,140,224730,12100000.0
40,12,129,122,8.2,88.0,420,240,396,246,760,293811,68034750.87364621
39,12,110,30,8.2,77.97153024911032,9,612,191,810,926,111244,68034750.87364621
39,1,179,182,8.2,60.0,462,568,93,693,589,69458,68034750.87364621
37,12,121,115,8.2,98.0,49,410,781,330,285,243943,25000000.0
35,12,91,172,8.2,88.0,190,623,75,321,303,96381,68034750.87364621
35,1,96,143,8.2,88.0,190,429,273,74,669,164939,68034750.87364621
33,12,118,132,8.2,97.0,265,299,100,706,374,28810,57226.0
32,1,105,136,8.2,75.0,22,498,270,701,438,158335,12562.0
31,12,136,137,8.2,77.97153024911032,536,117,116,797,802,53153,68034750.87364621
28,12,88,129,8.2,98.0,9,612,484,545,842,152572,96568.0
28,7,138,137,8.2,98.0,258,64,45,265,138,120539,10177.0
26,7,126,54,8.2,98.0,241,262,808,823,107,114304,5014000.0
20,7,99,120,8.2,86.0,126,102,314,710,258,29915,68034750.87364621
4,7,95,40,8.2,77.97153024911032,74,111,485,830,327,101053,5450000.0
3,7,45,20,8.2,77.97153024911032,65,97,430,383,253,41985,977375.0
97,8,122,172,8.1,95.0,89,464,3,512,881,63134,3759854.0
94,14,136,179,8.1,77.97153024911032,34,581,30,464,36,39216,1241223.0
94,0,130,77,8.1,78.0,347,450,699,55,497,47708,68034750.87364621
94,10,106,129,8.1,77.97153024911032,367,411,33,413,120,141516,68034750.87364621
94,1,145,174,8.1,84.0,73,360,421,131,647,113649,2006788.0
92,8,139,137,8.1,74.0,533,35,52,794,687,50700,3492754.0
92,14,160,22,8.1,77.97153024911032,518,558,746,775,489,50445,901610.0
95,1,137,28,8.1,77.0,208,259,613,159,99,647884,226277068.0
93,8,118,179,8.1,86.0,289,86,320,761,901,371538,14677674.0
92,8,122,106,8.1,77.0,91,152,517,594,200,177059,3107072.0
98,12,100,67,8.1,83.0,380,352,331,826,298,159171,68034750.87364621
92,12,196,137,8.1,88.0,362,247,532,187,68,46547,165520.0
92,14,153,104,8.1,77.97153024911032,394,0,55,750,97,163061,10616104.0
90,12,125,102,8.1,77.97153024911032,513,471,8,582,566,51739,923221.0
92,14,99,39,8.1,88.0,524,495,221,546,4,707630,59100318.0
92,1,149,170,8.1,79.0,100,57,676,603,877,859695,167767189.0
90,12,117,78,8.1,71.0,301,42,748,294,923,38803,68034750.87364621
94,1,139,87,8.1,71.0,325,30,694,511,848,435928,67209615.0
93,12,95,67,8.1,94.0,380,527,32,80,535,616228,356461711.0
90,12,151,105,8.1,77.97153024911032,39,497,632,316,795,75721,2804874.0
91,1,134,87,8.1,96.0,468,118,543,566,101,640533,56671993.0
91,14,123,16,8.1,74.0,433,144,120,619,22,432811,26947624.0
97,14,152,16,8.1,81.0,208,424,124,407,122,291289,117624028.0
93,1,129,84,8.1,93.0,502,415,542,666,538,420316,45055776.0
92,5,93,68,8.1,85.0,505,157,85,501,259,51679,857524.0
90,14,122,199,8.1,77.97153024911032,473,624,605,319,660,57806,1035953.0
89,12,155,100,8.1,77.97153024911032,545,258,222,2,487,67927,3108485.0
91,1,153,129,8.1,70.0,110,259,323,861,616,601149,61002302.0
93,14,120,11,8.1,90.0,159,606,112,605,936,882316,154058340.0
86,14,104,22,8.1,77.97153024911032,349,41,575,374,0,73891,68034750.87364621
86,8,116,137,8.1,72.0,84,135,69,139,8,720450,148095302.0
89,14,130,47,8.1,85.0,107,148,206,727,622,764493,381011219.0
86,6,130,162,8.1,68.0,542,422,686,838,490,48582,1498210.0
87,3,93,86,8.1,77.97153024911032,286,506,375,114,791,253575,68034750.87364621
87,12,92,74,8.1,77.97153024911032,5,608,627,221,74,164462,68034750.87364621
88,12,98,62,8.1,75.0,109,126,346,269,156,666773,217581231.0
85,8,148,38,8.1,73.0,446,190,799,118,571,572921,18354356.0
85,8,122,132,8.1,91.0,127,315,779,355,447,856916,74283625.0
84,12,144,105,8.1,77.97153024911032,394,547,58,854,97,43137,2217561.0
82,14,132,178,8.1,86.0,84,255,138,591,381,635975,100492203.0
82,6,121,87,8.1,79.0,486,169,732,381,916,334320,23530892.0
82,8,140,31,8.1,64.0,214,287,821,225,338,37820,1111061.0
82,8,80,172,8.1,90.0,408,201,418,851,556,236311,5820649.0
81,12,156,104,8.1,77.97153024911032,394,547,58,280,835,73992,68034750.87364621
81,14,131,129,8.1,82.0,56,343,449,716,358,139558,14131.0
79,15,183,105,8.1,77.97153024911032,131,0,689,9,711,66803,300000.0
81,8,111,22,8.1,69.0,391,618,153,174,624,1000639,70099045.0
81,12,100,67,8.1,90.0,30,378,13,216,21,949565,380843261.0
80,1,141,84,8.1,75.0,470,382,774,144,594,832846,164615351.0
78,1,154,179,8.1,83.0,14,191,242,278,937,223741,5383834.0
79,12,92,67,8.1,79.0,380,158,467,86,424,815505,289916256.0
75,14,87,64,8.1,77.97153024911032,183,348,530,556,928,38847,68034750.87364621
79,12,224,49,8.1,84.0,43,0,637,280,715,105036,70147.0
77,1,107,170,8.1,64.0,298,93,278,834,677,911573,293506292.0
76,12,169,165,8.1,58.0,167,600,633,592,88,59020,259127.0
76,12,103,100,8.1,90.0,385,308,183,478,671,939631,125618201.0
76,8,127,97,8.1,73.0,123,53,733,97,261,50862,348660.0
76,8,117,98,8.1,71.0,231,200,354,396,463,732620,17498804.0
78,12,98,172,8.1,85.0,269,610,493,661,876,124383,2734044.0
74,1,93,137,8.1,83.0,95,202,220,411,501,634716,16501785.0
74,1,98,132,8.1,85.0,231,200,817,240,830,617444,24611975.0
73,12,170,107,8.1,77.97153024911032,123,488,462,581,816,55220,171082.0
73,14,98,122,8.1,77.97153024911032,317,627,295,755,1,150345,309811.0
73,12,189,172,8.1,77.97153024911032,7,556,423,23,255,63516,68034750.87364621
73,8,101,172,8.1,77.0,408,201,418,29,310,272291,5535405.0
72,12,99,168,8.1,100.0,283,268,352,253,387,90729,4043686.0
72,12,102,95,8.1,77.0,269,88,750,835,256,63122,600200.0
71,14,127,11,8.1,68.0,470,538,454,362,737,867615,402453882.0
71,14,133,84,8.1,84.0,228,146,624,18,704,156842,25010410.0
71,8,171,165,8.1,77.97153024911032,268,383,226,277,921,25088,5216888.0
69,5,125,155,8.1,77.97153024911032,539,238,374,739,171,29662,2603061.0
67,12,128,100,8.1,79.0,385,519,663,224,448,425457,95860116.0
64,12,89,46,8.1,75.0,413,635,656,154,400,363401,52287414.0
64,1,120,182,8.1,92.0,364,113,772,872,493,381222,138530565.0
62,12,145,137,8.1,78.0,528,250,576,183,64,91188,2181987.0
62,12,117,70,8.1,86.0,179,575,497,303,296,150924,495770.0
60,1,109,193,8.1,57.0,236,366,813,454,744,371271,13782838.0
60,14,95,145,8.1,47.0,12,74,128,339,229,76081,22244207.0
60,8,158,46,8.1,77.97153024911032,523,365,137,417,634,31595,68034750.87364621
60,1,188,137,8.1,100.0,190,63,623,471,121,57784,4971340.0
60,14,117,35,8.1,84.0,411,249,682,763,225,693827,32868943.0
58,14,124,85,8.1,78.0,103,37,393,41,423,220078,68034750.87364621
57,8,94,93,8.1,77.0,488,239,388,569,850,367250,20045115.0
56,1,183,182,8.1,86.0,328,514,133,391,435,311361,48979328.0
54,12,120,178,8.1,70.0,239,580,753,106,127,518546,117235247.0
54,14,121,137,8.1,83.0,456,206,818,652,748,144911,68034750.87364621
53,5,185,48,8.1,89.0,463,534,504,635,311,149843,68034750.87364621
53,3,107,85,8.1,77.97153024911032,25,407,228,315,675,40081,177345.0
52,14,130,170,8.1,92.0,431,273,224,400,697,294230,29000000.0
51,12,102,95,8.1,77.0,381,534,757,514,426,42285,30933743.0
50,1,91,137,8.1,77.97153024911032,190,248,479,442,343,30206,1742348.0
50,5,167,169,8.1,90.0,25,459,176,437,893,81021,68034750.87364621
45,4,105,129,8.1,77.97153024911032,220,10,237,599,137,45434,39481.0
45,1,127,122,8.1,92.0,471,473,258,791,348,161984,16217773.0
44,12,85,179,8.1,86.0,190,65,479,524,303,103191,68034750.87364621
44,8,205,87,8.1,77.97153024911032,25,27,311,609,668,46947,102021.0
44,12,121,182,8.1,96.0,166,83,348,879,784,53089,55908.0
40,12,95,142,8.1,77.97153024911032,296,565,321,220,449,29682,68034750.87364621
40,7,134,161,8.1,75.0,414,64,377,852,903,50058,4050000.0
40,12,96,17,8.1,77.97153024911032,9,612,756,452,929,33044,68034750.87364621
40,12,123,184,8.1,94.0,237,282,401,849,527,68827,68034750.87364621
40,12,95,182,8.1,77.97153024911032,25,178,586,845,254,31728,68034750.87364621
38,1,89,137,8.1,77.97153024911032,190,429,78,285,93,26697,1526000.0
38,7,128,87,8.1,75.0,462,568,240,261,199,27254,68034750.87364621
37,12,99,122,8.1,77.97153024911032,144,303,15,147,304,105291,68034750.87364621
37,12,212,48,8.1,90.0,526,115,315,786,321,219466,74700000.0
36,12,139,46,8.1,77.97153024911032,9,612,563,578,472,34797,68034750.87364621
35,12,110,137,8.1,77.97153024911032,133,234,237,239,215,42940,752045.0
35,12,110,152,8.1,77.97153024911032,9,612,560,324,842,46678,68034750.87364621
35,5,161,53,8.1,87.0,101,638,17,328,801,203463,44908000.0
32,1,108,132,8.1,91.0,122,417,427,485,752,142107,9600000.0
31,12,131,52,8.1,85.0,180,651,110,655,262,54588,68034750.87364621
29,2,111,149,8.1,72.0,49,362,334,700,708,31568,3969893.0
27,12,114,22,8.1,77.97153024911032,398,278,803,207,574,29807,68034750.87364621
27,2,104,190,8.1,97.0,70,468,408,17,874,158731,449191.0
26,12,135,165,8.1,77.97153024911032,332,189,53,531,644,30935,10900000.0
18,12,99,105,8.1,96.0,126,406,329,245,446,28450,203300.0
18,2,130,168,8.1,86.0,22,374,378,265,454,123942,4360000.0
17,7,129,100,8.1,73.0,140,282,347,149,222,107017,9600000.0
17,12,238,155,8.1,97.0,514,230,693,148,890,290074,198676459.0
15,12,113,182,8.1,77.97153024911032,215,297,170,660,252,33829,172885.0
12,2,105,119,8.1,87.0,140,132,136,865,759,94016,4360000.0
7,7,110,87,8.1,77.97153024911032,69,408,215,30,608,47676,21877.0
7,7,72,119,8.1,90.0,74,111,533,10,315,30205,68034750.87364621
6,7,94,172,8.1,77.97153024911032,129,231,338,523,96,46865,539540.0
5,7,67,2,8.1,77.97153024911032,85,97,95,530,292,81156,1033895.0
0,12,76,188,8.1,77.97153024911032,424,634,143,252,539,57428,68034750.87364621
96,14,124,100,8.0,77.97153024911032,23,52,579,255,788,27978,68034750.87364621
97,12,113,38,8.0,69.0,125,637,416,142,738,37556,68034750.87364621
94,14,130,152,8.0,77.97153024911032,393,8,587,472,709,52897,68034750.87364621
93,14,163,2,8.0,77.97153024911032,267,537,282,600,474,72245,8178001.0
93,14,159,24,8.0,77.97153024911032,349,8,148,675,839,52848,68034750.87364621
94,1,128,103,8.0,94.0,90,533,204,722,349,505918,151101803.0
94,12,118,85,8.0,69.0,150,166,583,721,836,213970,51739495.0
93,14,144,51,8.0,80.0,411,424,370,470,481,760094,228433663.0
94,12,108,67,8.0,78.0,66,501,340,272,375,434143,341268248.0
93,14,159,25,8.0,77.97153024911032,437,487,641,674,794,102972,6738000.0
91,12,137,68,8.0,89.0,192,119,324,540,366,38746,1506975.0
95,12,113,138,8.0,66.0,464,275,603,325,457,141923,132422809.0
97,14,154,165,8.0,65.0,545,626,572,677,887,31886,5566534.0
91,14,144,132,8.0,77.97153024911032,349,8,54,520,408,51069,1079369.0
91,8,96,137,8.0,82.0,113,86,234,395,470,81770,1010414.0
92,1,150,24,8.0,71.0,149,265,825,56,674,114316,2625803.0
92,14,114,91,8.0,73.0,343,61,437,548,26,685201,91125683.0
92,14,121,2,8.0,76.0,205,124,798,95,935,1043455,333176600.0
95,14,164,27,8.0,81.0,110,249,684,27,184,461823,92054159.0
91,1,126,173,8.0,90.0,458,311,31,756,755,540772,25568251.0
96,14,134,88,8.0,49.0,64,496,483,290,77,450349,216428042.0
93,1,156,4,8.0,76.0,14,382,775,871,205,705589,183637894.0
90,14,103,172,8.0,67.0,464,392,206,228,694,462252,17738570.0
88,12,115,22,8.0,71.0,263,630,304,31,637,79200,100119.0
88,12,118,87,8.0,88.0,501,138,255,296,193,639603,138797449.0
89,14,146,137,8.0,62.0,479,195,801,615,113,428521,169708112.0
94,8,108,2,8.0,65.0,496,535,567,798,219,902669,363070709.0
87,11,119,167,8.0,87.0,42,237,713,806,619,45803,106662.0
87,1,144,172,8.0,77.97153024911032,40,2,496,438,197,28749,10950.0
86,8,106,16,8.0,59.0,527,172,724,780,467,211427,68034750.87364621
88,14,165,137,8.0,50.0,270,556,423,770,486,98575,4018695.0
87,12,128,30,8.0,77.97153024911032,291,198,536,317,73,31838,68034750.87364621
86,14,120,172,8.0,84.0,95,393,161,251,795,798882,141319928.0
88,1,108,179,8.0,79.0,97,458,555,858,913,699673,106954678.0
85,8,115,22,8.0,33.0,263,630,38,108,637,98097,8060.0
90,14,143,11,8.0,69.0,262,516,119,756,398,1260806,623279547.0
85,6,96,72,8.0,90.0,517,413,115,117,279,88656,4445756.0
91,8,117,85,8.0,80.0,218,426,361,351,831,441614,27298285.0
84,12,117,85,8.0,64.0,147,636,762,335,104,448930,163566459.0
84,1,143,52,8.0,64.0,120,382,171,364,469,499439,57366262.0
85,14,115,33,8.0,85.0,372,424,184,378,458,604694,227471070.0
82,12,88,130,8.0,72.0,281,555,284,311,409,50610,238507.0
83,1,124,136,8.0,74.0,142,491,662,577,164,738512,74103820.0
85,6,112,85,8.0,92.0,266,373,519,219,578,103284,5990075.0
82,12,127,44,8.0,77.97153024911032,547,110,840,628,778,56960,68034750.87364621
85,12,111,67,8.0,96.0,58,285,80,508,690,641645,206445654.0
84,6,144,12,8.0,80.0,310,145,216,420,392,582239,167445960.0
82,1,137,24,8.0,83.0,391,618,153,568,183,683900,66208183.0
81,12,110,137,8.0,82.0,31,629,310,468,658,42399,502028.0
81,8,103,172,8.0,85.0,281,359,826,410,506,77520,2380788.0
92,12,126,85,8.0,74.0,13,294,70,506,563,77554,2086345.0
83,14,144,87,8.0,69.0,433,531,651,155,692,176151,61649911.0
81,12,186,104,8.0,54.0,357,489,712,738,383,63460,1787378.0
80,14,101,22,8.0,75.0,28,11,39,835,50,117857,169659.0
81,14,143,6,8.0,63.0,168,327,255,624,492,1015122,305413918.0
81,12,125,47,8.0,58.0,495,202,14,85,403,415218,66257002.0
82,12,115,62,8.0,90.0,58,139,696,304,376,657047,261441092.0
79,12,137,105,8.0,77.97153024911032,200,582,420,318,820,45403,68034750.87364621
81,8,178,122,8.0,60.0,285,462,615,479,314,137963,1530386.0
79,12,110,100,8.0,77.97153024911032,538,659,827,187,28,33592,68034750.87364621
79,8,113,169,8.0,88.0,406,276,358,539,333,740086,1480006.0
77,8,188,137,8.0,77.0,376,603,342,424,705,289742,22455976.0
78,12,140,128,8.0,61.0,285,73,106,179,702,102285,4184036.0
77,12,112,85,8.0,86.0,103,505,725,346,443,82002,6203044.0
75,1,81,76,8.0,77.97153024911032,443,340,653,774,600,58192,776665.0
76,8,105,137,8.0,82.0,493,617,286,819,684,78341,1647780.0
76,8,110,137,8.0,80.0,522,209,800,543,819,36419,5595428.0
77,5,86,62,8.0,85.0,58,183,281,363,888,172083,23159305.0
75,12,87,21,8.0,77.97153024911032,491,598,333,817,649,27721,3296.0
74,8,135,137,8.0,84.0,48,69,182,327,434,86838,24475416.0
74,12,136,100,8.0,91.0,339,602,83,659,161,37564,13417292.0
73,1,129,198,8.0,74.0,487,93,488,94,445,578443,57141459.0
73,14,83,63,8.0,76.0,302,49,301,8,518,129231,515905.0
71,12,76,81,8.0,82.0,182,150,123,119,910,300208,75082668.0
71,12,101,111,8.0,72.0,178,66,35,134,829,577991,70906973.0
71,8,180,122,8.0,47.0,480,143,368,76,245,28825,4496583.0
70,14,156,137,8.0,59.0,309,9,121,341,272,263918,63895607.0
70,12,90,67,8.0,86.0,432,324,705,714,541,373845,217350219.0
69,14,189,156,8.0,72.0,364,355,245,330,896,142110,70405498.0
69,3,84,81,8.0,95.0,151,363,604,698,402,417178,218967620.0
68,12,181,54,8.0,72.0,277,355,515,281,753,240266,184208848.0
67,8,120,100,8.0,93.0,459,149,602,723,739,89429,27545445.0
66,12,133,137,8.0,65.0,44,174,773,846,287,473064,178800000.0
66,14,124,66,8.0,77.97153024911032,271,449,595,518,852,164918,553171.0
65,12,98,55,8.0,77.0,413,103,499,715,155,393899,30857814.0
65,12,128,147,8.0,79.0,528,94,728,627,172,64722,3333969.0
65,12,104,182,8.0,88.0,293,221,644,241,825,31163,4542825.0
64,12,125,68,8.0,78.0,179,430,436,469,639,150140,68034750.87364621
62,14,107,34,8.0,84.0,202,45,478,564,695,799795,38400000.0
60,12,191,87,8.0,79.0,402,59,391,717,761,217664,52767889.0
58,12,180,157,8.0,84.0,9,591,787,456,410,32195,68034750.87364621
57,5,130,100,8.0,83.0,176,481,718,559,355,65625,30177511.0
55,1,93,119,8.0,92.0,532,644,164,837,131,251823,39200000.0
53,1,124,61,8.0,87.0,470,529,664,689,553,543388,260000000.0
53,12,125,84,8.0,86.0,456,9,387,648,834,235652,50000000.0
52,1,106,93,8.0,80.0,324,226,489,537,698,143359,86300000.0
51,8,151,84,8.0,58.0,143,574,181,853,209,121627,53267000.0
51,1,122,192,8.0,81.0,525,187,526,497,526,362393,232906145.0
50,5,138,199,8.0,77.97153024911032,258,374,539,15,430,44748,4081254.0
49,8,118,172,8.0,93.0,381,601,354,158,78,42456,29133000.0
49,3,181,140,8.0,67.0,361,611,594,488,645,39491,80500000.0
48,14,113,137,8.0,100.0,47,300,735,259,246,27067,541940.0
47,5,110,84,8.0,66.0,161,473,661,448,832,201888,102308889.0
46,1,137,158,8.0,96.0,431,433,386,729,813,193674,68034750.87364621
46,12,112,60,8.0,79.0,143,115,670,461,607,165167,33395426.0
45,1,106,105,8.0,83.0,341,174,44,448,909,253676,104945305.0
44,1,131,137,8.0,75.0,341,185,655,266,787,68926,68034750.87364621
43,12,172,86,8.0,63.0,425,338,132,211,742,205425,163214286.0
43,1,197,175,8.0,69.0,101,467,417,268,752,69903,111722000.0
42,1,99,32,8.0,65.0,449,135,263,527,914,198219,14500000.0
41,12,138,137,8.0,91.0,133,404,48,150,786,108844,50690.0
40,12,80,137,8.0,77.97153024911032,217,34,687,32,305,28057,68034750.87364621
39,1,134,178,8.0,90.0,422,473,319,662,283,75067,8284000.0
38,1,174,100,8.0,95.0,133,404,41,48,925,66621,19516000.0
37,7,141,32,8.0,93.0,187,326,156,695,42,56305,12535000.0
37,12,161,129,8.0,95.0,369,282,465,72,61,59847,11900000.0
36,6,95,124,8.0,99.0,368,115,600,349,444,98431,2237659.0
36,1,108,137,8.0,84.0,403,185,620,104,351,45062,17570324.0
35,2,96,149,8.0,100.0,18,96,781,793,593,28137,68034750.87364621
34,2,84,124,8.0,91.0,463,572,140,857,382,81702,68034750.87364621
33,12,92,124,8.0,99.0,75,517,716,495,365,81980,654000.0
32,12,108,137,8.0,77.97153024911032,133,39,265,686,18,58314,68034750.87364621
33,12,117,126,8.0,77.97153024911032,180,567,805,642,145,61503,68034750.87364621
31,12,120,107,8.0,84.0,49,638,175,626,751,51046,68034750.87364621
31,12,118,119,8.0,78.0,526,240,62,205,317,127256,68034750.87364621
29,1,122,137,8.0,97.0,122,628,510,461,478,99182,8000000.0
28,12,94,150,8.0,77.97153024911032,353,262,267,244,125,26784,68034750.87364621
27,12,106,94,8.0,77.97153024911032,419,164,17,847,412,34485,68034750.87364621
26,1,80,129,8.0,73.0,22,282,389,230,198,129783,68034750.87364621
25,12,97,124,8.0,77.97153024911032,199,517,336,463,735,32784,68034750.87364621
23,12,86,172,8.0,92.0,101,109,784,784,451,35601,68034750.87364621
22,7,88,150,8.0,77.97153024911032,369,225,146,151,889,42725,4360000.0
24,2,170,175,8.0,93.0,526,456,146,250,849,57259,23650000.0
20,12,118,99,8.0,77.97153024911032,140,104,630,680,351,65101,68034750.87364621
19,12,100,189,8.0,96.0,241,262,514,276,701,148928,2108060.0
18,7,129,152,8.0,96.0,237,252,335,390,146,85559,55000.0
17,12,102,55,8.0,92.0,514,230,534,613,745,371379,2076020.0
17,12,110,100,8.0,77.97153024911032,215,403,592,645,636,26725,68034750.87364621
12,11,91,96,8.0,86.0,520,640,570,551,656,26642,68034750.87364621
8,12,152,182,8.0,91.0,292,385,481,406,59,57318,3270000.0
4,12,75,156,8.0,97.0,448,14,804,283,347,53054,50970.0
97,14,130,95,7.9,82.0,400,145,119,27,373,454203,165359751.0
98,14,101,105,7.9,77.97153024911032,345,579,698,737,793,111478,68034750.87364621
96,1,121,122,7.9,93.0,184,389,691,462,613,62754,3313513.0
97,12,137,105,7.9,94.0,360,4,703,421,70,246644,2000000.0
95,14,132,172,7.9,93.0,295,44,769,571,30,212651,18095701.0
94,14,100,137,7.9,78.0,273,373,152,295,806,53818,258168.0
96,12,101,67,7.9,82.0,524,95,451,210,94,139114,32015231.0
94,14,101,40,7.9,81.0,476,538,414,696,714,111483,5202582.0
94,8,118,100,7.9,72.0,319,625,259,746,46,189400,5875006.0
94,6,106,103,7.9,79.0,235,208,4,526,353,85109,3237118.0
95,14,130,2,7.9,74.0,476,122,776,116,585,587775,315058289.0
92,1,117,132,7.9,76.0,92,276,650,83,747,466134,32381218.0
97,14,108,107,7.9,58.0,476,524,765,756,841,297918,349555.0
94,14,116,176,7.9,81.0,110,23,365,238,629,594181,100546139.0
93,12,138,11,7.9,80.0,195,141,384,625,205,860823,936662225.0
91,8,109,172,7.9,94.0,408,201,418,760,57,141457,8114627.0
92,14,132,11,7.9,75.0,64,472,300,308,368,659763,233921534.0
89,12,157,122,7.9,82.0,362,455,827,805,6,41995,138730.0
89,12,100,105,7.9,89.0,335,296,96,396,362,230624,44671682.0
92,14,113,11,7.9,71.0,117,603,202,83,102,600004,100206256.0
90,14,127,172,7.9,94.0,330,300,208,322,24,93090,6739492.0
97,8,209,84,7.9,94.0,313,514,9,385,319,324720,7000000.0
87,1,155,122,7.9,90.0,198,583,585,3,729,93560,2084637.0
87,8,97,169,7.9,67.0,118,540,444,198,762,335152,5009677.0
86,8,114,123,7.9,82.0,504,368,477,650,326,205609,2122065.0
87,1,112,35,7.9,81.0,351,560,154,352,659,638202,115646235.0
86,14,109,178,7.9,80.0,97,445,506,226,584,289415,26236603.0
85,12,138,105,7.9,77.97153024911032,189,558,425,807,181,47720,410800.0
92,1,165,137,7.9,100.0,408,186,607,224,232,335533,25379975.0
85,12,113,137,7.9,97.0,86,25,457,863,25,56625,1185783.0
87,14,127,11,7.9,82.0,195,123,835,779,533,577336,257730019.0
86,8,107,95,7.9,67.0,311,137,85,146,236,390334,7757130.0
85,12,87,146,7.9,77.97153024911032,410,156,782,389,237,174125,68034750.87364621
84,14,141,4,7.9,89.0,84,353,434,839,776,154011,13756082.0
84,8,117,47,7.9,64.0,478,377,108,436,505,107290,2280348.0
90,12,127,47,7.9,79.0,33,576,307,4,840,580708,124987023.0
87,5,87,67,7.9,83.0,524,229,535,81,379,199696,21002919.0
83,12,129,100,7.9,81.0,218,443,500,169,938,31476,68034750.87364621
82,6,97,162,7.9,56.0,80,245,235,358,468,57430,3635164.0
86,14,126,11,7.9,79.0,251,516,275,813,389,939644,318412101.0
82,14,99,112,7.9,76.0,119,566,580,445,558,512249,13542874.0
82,8,121,172,7.9,78.0,132,72,721,291,932,51325,68034750.87364621
81,1,138,129,7.9,84.0,84,553,767,458,244,419420,90135191.0
82,12,142,55,7.9,82.0,20,148,206,727,740,552493,249358727.0
80,6,120,7,7.9,85.0,539,307,780,515,934,173999,53710019.0
80,8,112,168,7.9,86.0,378,528,345,175,534,104691,9284265.0
79,8,98,107,7.9,84.0,94,84,649,234,286,44618,1059830.0
79,12,115,63,7.9,61.0,453,592,292,884,76,42897,1000045.0
80,14,119,33,7.9,68.0,117,215,521,133,164,508771,121661683.0
78,8,114,132,7.9,80.0,130,500,248,279,599,49721,1221261.0
84,1,109,51,7.9,84.0,20,337,139,129,620,465113,35552383.0
78,1,122,40,7.9,90.0,67,70,610,446,264,252586,32534850.0
79,8,147,170,7.9,85.0,103,457,455,434,388,322031,7220243.0
77,12,92,67,7.9,88.0,243,48,467,829,860,527512,245852179.0
75,8,155,137,7.9,85.0,376,416,415,105,560,239473,26400640.0
73,12,111,77,7.9,75.0,541,648,309,802,807,51943,68034750.87364621
72,1,102,122,7.9,77.0,287,499,759,517,459,31590,2201126.0
71,8,119,130,7.9,59.0,508,130,607,190,880,206918,12281500.0
71,12,94,164,7.9,85.0,283,339,837,426,83,89836,1324974.0
71,1,94,62,7.9,77.97153024911032,540,369,201,803,680,34529,68034750.87364621
71,1,144,132,7.9,65.0,60,9,708,649,427,201000,36948322.0
68,12,105,147,7.9,74.0,495,327,819,194,52,447368,56362352.0
67,12,103,85,7.9,97.0,228,146,84,20,511,68076,14743391.0
67,6,104,100,7.9,77.0,532,419,822,79,160,54670,18254702.0
65,1,119,132,7.9,79.0,60,355,706,702,144,281842,76270454.0
64,6,107,100,7.9,90.0,532,433,167,565,72,67176,40084041.0
63,12,132,176,7.9,84.0,487,329,447,702,484,187567,9929135.0
62,8,82,113,7.9,92.0,413,513,544,141,507,128812,188751.0
61,12,93,108,7.9,77.0,52,476,531,173,798,132947,20605209.0
58,12,133,2,7.9,60.0,242,316,145,107,417,183182,57229890.0
57,8,96,105,7.9,83.0,532,644,164,528,626,131436,45700000.0
57,1,123,163,7.9,72.0,53,529,371,39,529,28223,37823676.0
56,1,127,8,7.9,71.0,156,154,438,759,277,111512,5100000.0
54,12,138,87,7.9,84.0,11,174,661,333,592,103031,70600000.0
51,8,114,47,7.9,76.0,15,13,294,887,452,37183,61001.0
51,8,123,101,7.9,77.97153024911032,133,400,90,664,58,39897,68034750.87364621
50,5,102,93,7.9,93.0,296,210,159,637,115,38737,198809.0
50,12,95,1,7.9,77.97153024911032,523,365,683,297,189,52397,68034750.87364621
49,5,91,105,7.9,62.0,176,532,92,862,173,70826,68034750.87364621
48,12,172,92,7.9,91.0,143,228,427,788,628,93741,61700000.0
47,1,145,14,7.9,97.0,439,638,211,708,220,77401,12064472.0
46,12,96,196,7.9,89.0,156,173,413,443,579,116557,89029.0
46,5,134,87,7.9,77.97153024911032,35,479,429,49,420,29003,22276975.0
45,12,110,129,7.9,75.0,361,563,669,868,525,67804,24379978.0
41,12,113,118,7.9,83.0,461,104,62,866,361,68689,13474588.0
40,6,126,179,7.9,94.0,238,214,460,349,41,71122,68034750.87364621
38,1,197,38,7.9,87.0,463,362,461,357,143,124339,30000000.0
38,12,144,167,7.9,77.97153024911032,336,217,565,482,207,26542,68034750.87364621
37,12,90,172,7.9,77.97153024911032,10,197,190,785,707,28421,88300.0
34,12,220,46,7.9,77.97153024911032,72,115,831,42,224,63560,93740000.0
34,7,119,54,7.9,94.0,237,326,356,849,898,80316,68034750.87364621
33,12,118,137,7.9,72.0,122,279,646,427,117,40313,68034750.87364621
30,5,85,181,7.9,89.0,145,219,270,820,548,97222,9450000.0
29,1,101,134,7.9,88.0,22,205,665,730,531,123341,7630000.0
28,2,104,102,7.9,77.97153024911032,181,282,807,873,886,52573,68034750.87364621
25,12,96,101,7.9,88.0,162,177,525,402,281,41625,2650000.0
24,12,102,151,7.9,100.0,22,104,303,149,554,92306,10464000.0
24,7,114,133,7.9,77.97153024911032,187,262,458,403,591,78796,6540000.0
23,7,101,149,7.9,77.97153024911032,49,498,337,658,334,33549,9460000.0
18,12,112,119,7.9,96.0,157,104,429,342,772,63550,68034750.87364621
18,7,92,105,7.9,77.97153024911032,187,104,675,671,281,53667,296000.0
16,5,102,10,7.9,97.0,329,639,213,621,75,47175,3981000.0
13,7,96,114,7.9,77.97153024911032,441,176,272,126,313,30580,2537520.0
11,7,100,58,7.9,90.0,327,199,223,699,108,78991,10000000.0
10,12,64,158,7.9,80.0,497,631,471,616,758,42117,68034750.87364621
2,12,94,187,7.9,77.97153024911032,129,428,22,288,302,88794,68034750.87364621
97,1,113,17,7.8,51.0,175,426,111,575,399,237392,68034750.87364621
96,14,138,30,7.8,77.97153024911032,322,17,795,669,811,25344,68034750.87364621
97,8,120,162,7.8,81.0,96,511,599,643,524,27187,68034750.87364621
94,14,124,137,7.8,85.0,42,557,754,62,638,51240,2402067.0
95,14,106,26,7.8,94.0,83,211,67,533,866,555092,188373161.0
94,12,96,100,7.8,77.97153024911032,370,235,42,522,221,57168,68034750.87364621
94,14,127,87,7.8,74.0,490,589,597,348,500,200876,169607287.0
95,12,103,41,7.8,88.0,374,60,296,307,780,61594,40442052.0
94,1,148,22,7.8,77.97153024911032,3,558,26,441,201,27175,68034750.87364621
94,5,101,62,7.8,84.0,509,114,59,549,721,118035,48023088.0
94,12,184,90,7.8,77.97153024911032,349,579,445,53,202,40416,1782795.0
94,14,137,137,7.8,96.0,275,105,551,474,557,246963,47695120.0
93,8,100,157,7.8,75.0,314,522,480,386,635,35539,435266.0
94,14,133,11,7.8,65.0,148,207,169,12,213,556608,532177324.0
94,14,147,11,7.8,75.0,36,314,119,703,796,663649,408084349.0
93,1,168,129,7.8,68.0,391,545,452,365,897,517059,54117416.0
97,12,135,172,7.8,91.0,171,549,206,237,234,143250,108101214.0
95,14,94,71,7.8,62.0,116,260,179,369,749,50778,6735118.0
92,8,119,83,7.8,79.0,321,67,302,197,682,51841,68034750.87364621
91,6,130,167,7.8,85.0,42,99,747,16,696,45002,1330596.0
91,12,141,137,7.8,86.0,371,609,102,734,129,81125,2852400.0
91,12,104,172,7.8,76.0,412,267,587,600,540,50523,4231500.0
90,14,126,119,7.8,77.97153024911032,454,52,824,47,203,39710,169209.0
92,12,102,62,7.8,74.0,114,127,685,757,371,410983,222527828.0
91,8,123,102,7.8,55.0,404,168,636,82,561,303032,15322921.0
90,12,134,101,7.8,77.97153024911032,152,569,1,557,712,33618,1670773.0
91,6,126,72,7.8,83.0,179,254,291,579,601,73690,5209580.0
97,12,100,67,7.8,84.0,261,605,766,45,871,203177,434038008.0
91,8,131,129,7.8,49.0,167,227,373,795,210,108399,85433.0
90,1,94,105,7.8,84.0,524,288,424,101,86,318789,45512466.0
92,12,102,62,7.8,76.0,109,295,105,269,168,305611,177002924.0
93,1,130,83,7.8,81.0,6,128,738,731,101,362942,70259870.0
88,12,106,179,7.8,77.97153024911032,489,585,830,544,923,35713,68034750.87364621
88,12,144,22,7.8,67.0,221,375,117,367,332,111252,128392.0
89,8,158,129,7.8,71.0,100,145,674,143,826,423010,102515793.0
91,14,134,37,7.8,82.0,372,605,66,67,136,421244,107100855.0
88,8,119,22,7.8,77.97153024911032,224,643,688,800,323,62848,6460.0
93,8,147,87,7.8,72.0,128,465,144,353,663,179264,161197785.0
87,8,129,129,7.8,79.0,56,263,821,375,384,52758,547292.0
86,12,125,24,7.8,64.0,186,361,421,880,919,58468,68034750.87364621
91,14,161,56,7.8,66.0,383,264,511,684,495,601408,258366855.0
87,14,144,154,7.8,82.0,330,129,212,490,879,68715,2222647.0
87,8,152,129,7.8,76.0,356,440,591,227,530,208994,10095170.0
98,8,129,156,7.8,77.0,1,175,21,735,399,89896,68034750.87364621
98,12,117,100,7.8,81.0,493,399,763,516,521,33931,68034750.87364621
88,14,116,90,7.8,79.0,106,416,124,24,616,340584,93617009.0
86,1,90,36,7.8,51.0,388,386,494,229,528,564791,145000989.0
86,6,94,157,7.8,55.0,306,47,155,725,930,190748,9030581.0
85,8,86,165,7.8,88.0,235,236,508,310,288,110656,9439923.0
90,14,169,56,7.8,58.0,383,418,300,684,40,757377,303003568.0
85,12,122,137,7.8,85.0,132,54,596,841,672,30827,741283.0
85,8,123,168,7.8,85.0,230,350,327,98,789,251370,50927067.0
89,1,100,122,7.8,78.0,355,533,99,102,16,571571,35061555.0
85,1,157,84,7.8,76.0,411,165,681,129,447,392449,130164645.0
87,14,162,6,7.8,83.0,202,543,838,778,632,1118998,760507625.0
87,8,141,147,7.8,63.0,197,289,702,193,544,216421,3600.0
84,1,139,4,7.8,68.0,325,233,643,161,766,291018,50866635.0
84,14,101,100,7.8,80.0,252,619,738,834,301,439856,59891098.0
85,14,121,19,7.8,81.0,119,566,580,536,87,463466,23637265.0
86,14,166,147,7.8,70.0,100,80,105,822,456,589160,127509326.0
82,12,192,140,7.8,67.0,535,556,629,676,510,49050,2921738.0
83,8,94,95,7.8,51.0,24,617,491,608,684,45717,1305.0
83,5,129,172,7.8,82.0,230,350,524,98,210,258924,38405088.0
83,12,127,90,7.8,68.0,429,37,166,313,851,51980,5128124.0
81,14,90,67,7.8,73.0,443,561,789,883,66,31658,128985.0
83,6,119,11,7.8,74.0,262,460,264,129,15,283310,25514517.0
83,6,136,88,7.8,72.0,208,311,647,272,750,234207,119519402.0
81,12,113,137,7.8,61.0,337,29,287,286,543,35682,15280.0
82,1,123,172,7.8,53.0,354,222,326,666,774,520284,81001787.0
82,12,126,38,7.8,75.0,522,218,672,593,618,96703,16756372.0
80,8,109,122,7.8,82.0,297,466,60,646,562,42673,181655.0
81,6,80,74,7.8,91.0,475,444,351,574,646,50622,7002255.0
78,12,110,30,7.8,58.0,73,379,463,440,504,26518,68034750.87364621
80,6,131,4,7.8,61.0,279,309,274,138,350,129022,54234062.0
79,8,99,78,7.8,83.0,408,201,785,507,905,60684,2892011.0
78,12,113,90,7.8,48.0,51,165,815,877,775,198089,115654751.0
78,14,120,6,7.8,94.0,33,650,552,889,150,253228,128078872.0
77,8,101,137,7.8,87.0,378,108,505,109,53,89058,8264530.0
78,14,143,50,7.8,73.0,426,605,285,644,520,524235,233632142.0
77,8,108,24,7.8,44.0,511,637,707,612,185,227143,25812.0
77,14,157,91,7.8,84.0,331,531,9,143,195,159886,28965197.0
77,5,108,86,7.8,71.0,229,276,118,477,153,82855,32481825.0
79,12,90,67,7.8,84.0,26,621,553,206,124,613941,267665011.0
75,14,194,172,7.8,75.0,202,382,428,87,485,1046089,659325379.0
75,12,103,130,7.8,77.97153024911032,477,587,433,683,837,27712,233986.0
75,14,106,177,7.8,64.0,29,201,792,419,295,280845,12339633.0
75,14,129,27,7.8,61.0,100,437,157,762,369,345096,48323648.0
74,8,159,137,7.8,76.0,285,194,736,450,386,62428,4040691.0
72,12,127,83,7.8,70.0,495,327,512,751,686,164937,5887457.0
71,12,118,137,7.8,73.0,286,327,474,429,597,215034,9170214.0
71,8,130,16,7.8,50.0,160,356,452,844,781,126871,56505065.0
71,12,101,101,7.8,55.0,105,604,554,59,688,78963,32416586.0
71,12,134,172,7.8,84.0,206,37,205,397,158,66065,22954968.0
71,12,132,100,7.8,84.0,339,159,475,450,299,34635,1769305.0
71,12,130,22,7.8,87.0,27,249,779,765,463,267684,183875760.0
71,8,121,130,7.8,80.0,418,514,114,496,266,128171,17266971.0
71,5,76,63,7.8,77.97153024911032,276,78,232,163,249,43690,5617391.0
70,8,128,24,7.8,77.97153024911032,249,650,780,811,703,46700,68034750.87364621
69,8,129,100,7.8,68.0,227,642,250,503,14,55362,2015810.0
69,8,98,145,7.8,86.0,283,268,820,292,471,42376,1999955.0
69,1,112,122,7.8,76.0,247,140,459,306,547,126082,57504069.0
68,8,107,179,7.8,75.0,413,277,431,690,265,184740,61276872.0
68,12,121,85,7.8,74.0,379,514,666,428,773,125276,52096475.0
67,12,103,68,7.8,83.0,179,364,558,682,473,124193,68034750.87364621
67,8,122,87,7.8,78.0,120,425,160,113,648,122779,26830000.0
67,8,111,22,7.8,82.0,249,650,150,742,513,45624,68034750.87364621
67,12,108,44,7.8,57.0,426,438,131,483,856,481918,118500000.0
66,1,128,125,7.8,65.0,12,223,816,240,100,88214,34603943.0
65,1,107,11,7.8,45.0,245,45,101,459,238,371387,59735548.0
65,1,84,18,7.8,72.0,440,90,701,162,480,148359,5923044.0
64,12,103,93,7.8,61.0,240,425,12,560,391,321382,70136369.0
64,8,107,95,7.8,75.0,227,607,394,712,665,47834,1436000.0
63,12,114,41,7.8,62.0,405,551,410,360,166,244430,61503218.0
63,12,154,137,7.8,78.0,470,151,811,623,573,78321,98467863.0
63,14,97,100,7.8,66.0,240,192,411,587,27,357026,45875171.0
62,14,141,87,7.8,76.0,430,542,277,401,461,51585,34700291.0
62,14,105,18,7.8,71.0,193,66,145,778,312,355413,238632124.0
61,5,193,38,7.8,91.0,386,541,704,204,192,56235,21500000.0
60,12,109,95,7.8,73.0,313,514,366,192,785,88511,2500000.0
60,12,115,186,7.8,91.0,470,253,180,651,188,372490,435110554.0
57,1,105,137,7.8,77.0,416,174,535,344,465,133351,106260000.0
56,5,94,172,7.8,93.0,485,506,88,745,542,52852,68034750.87364621
54,1,135,201,7.8,69.0,84,135,730,127,85,65659,31800000.0
53,5,129,57,7.8,91.0,241,552,539,143,777,44917,68034750.87364621
52,12,113,170,7.8,85.0,137,223,387,21,271,98611,4420000.0
51,12,72,82,7.8,73.0,399,55,360,222,385,25229,193817.0
51,1,143,132,7.8,80.0,145,180,760,572,13,37445,16056255.0
51,5,94,22,7.8,93.0,485,420,725,868,725,66009,68034750.87364621
50,1,124,163,7.8,80.0,53,391,548,298,414,48334,42765000.0
49,12,100,185,7.8,67.0,326,226,313,654,764,178731,4000000.0
47,1,113,137,7.8,79.0,246,174,405,796,431,101124,44785053.0
45,12,108,200,7.8,81.0,484,50,10,688,226,27733,17550741.0
45,12,108,100,7.8,63.0,462,568,722,447,483,39642,56700000.0
45,1,111,15,7.8,86.0,41,633,224,567,280,102415,68034750.87364621
42,12,170,140,7.8,95.0,157,50,652,784,906,86525,72000000.0
42,12,139,109,7.8,88.0,423,338,168,180,293,158029,102272727.0
40,3,178,26,7.8,75.0,272,31,261,77,182,52141,39100000.0
40,12,105,172,7.8,97.0,144,304,601,300,883,37605,68034750.87364621
39,1,100,192,7.8,88.0,196,163,626,555,627,27007,2616000.0
38,12,90,122,7.8,77.97153024911032,217,301,349,165,325,73251,336705.0
26,7,133,4,7.8,77.97153024911032,187,46,401,589,413,28167,68034750.87364621
26,12,100,22,7.8,77.97153024911032,241,262,188,479,545,36995,68034750.87364621
22,5,100,43,7.8,77.97153024911032,187,262,458,864,204,31053,68034750.87364621
21,5,108,191,7.8,94.0,22,593,408,513,328,59556,68034750.87364621
17,7,96,54,7.8,93.0,237,326,135,33,418,43621,68034750.87364621
16,12,96,199,7.8,98.0,22,405,546,641,612,47400,68034750.87364621
16,7,102,110,7.8,91.0,187,346,104,123,894,55163,68034750.87364621
13,12,75,160,7.8,95.0,213,77,200,152,882,43542,4360000.0
11,12,69,117,7.8,93.0,290,242,279,126,933,55581,68034750.87364621
10,5,93,22,7.8,87.0,187,508,619,37,475,25312,68034750.87364621
9,7,70,160,7.8,91.0,213,136,492,93,415,65341,68034750.87364621
96,8,135,137,7.7,96.0,20,645,502,195,130,140375,68034750.87364621
95,12,104,172,7.7,85.0,138,334,18,260,339,25198,335609.0
96,8,119,2,7.7,66.0,102,535,410,590,460,478586,324591735.0
95,8,107,129,7.7,73.0,481,351,365,422,847,205444,33800859.0
95,8,104,194,7.7,85.0,256,147,28,96,136,492851,176040665.0
96,14,147,12,7.7,86.0,81,603,288,860,814,291257,220159104.0
93,6,116,105,7.7,70.0,177,523,64,233,342,47444,3358518.0
92,8,86,112,7.7,76.0,223,584,357,801,167,157498,3333000.0
92,12,103,77,7.7,72.0,211,256,700,444,653,32798,765127.0
92,12,123,89,7.7,72.0,209,175,225,831,823,404182,35893537.0
92,1,129,2,7.7,60.0,320,138,755,749,620,590440,128261724.0
92,14,126,172,7.7,69.0,260,559,49,597,523,344312,124872350.0
93,6,105,100,7.7,74.0,21,596,635,618,664,123210,6743776.0
92,1,119,100,7.7,87.0,14,439,834,210,35,580291,42340598.0
91,1,180,172,7.7,89.0,2,396,2,741,65,138741,2199675.0
91,12,130,178,7.7,40.0,4,20,742,670,32,32628,1122527.0
90,12,111,165,7.7,70.0,134,620,383,604,278,39379,175058.0
92,14,136,11,7.7,70.0,36,314,119,749,796,736182,259766572.0
89,14,159,163,7.7,77.97153024911032,189,497,574,769,514,39501,985912.0
91,14,115,40,7.7,87.0,19,91,814,431,95,112298,17654912.0
90,12,101,67,7.7,72.0,401,317,317,347,792,380195,189422889.0
93,5,108,68,7.7,70.0,307,305,486,666,581,56720,1339152.0
89,12,98,137,7.7,52.0,507,6,127,521,559,77071,71177.0
89,6,96,111,7.7,81.0,532,469,636,449,515,388089,56816662.0
92,12,100,62,7.7,83.0,82,483,122,870,235,323982,257760692.0
91,14,91,177,7.7,96.0,20,546,257,204,679,769145,274092705.0
91,14,132,11,7.7,72.0,195,123,835,890,81,463188,228778661.0
93,12,137,182,7.7,79.0,71,3,207,694,37,73964,83861.0
88,14,120,85,7.7,95.0,100,306,36,435,755,624982,96962694.0
89,14,131,11,7.7,65.0,320,281,541,366,499,645512,146408305.0
87,14,100,93,7.7,73.0,499,653,82,432,218,717559,277322503.0
90,14,143,12,7.7,81.0,438,145,344,596,453,630614,304360277.0
90,1,122,105,7.7,81.0,106,81,363,702,356,661871,132092958.0
90,1,120,91,7.7,86.0,45,57,91,396,12,572581,136025503.0
87,14,95,105,7.7,76.0,305,656,409,262,151,472242,32391374.0
88,1,146,55,7.7,65.0,107,148,206,727,87,479120,295983305.0
86,12,101,67,7.7,86.0,179,106,521,493,870,125317,15090400.0
86,8,122,87,7.7,80.0,433,213,547,458,783,103330,18593156.0
84,12,90,78,7.7,81.0,443,431,789,451,878,71379,881302.0
86,8,141,84,7.7,63.0,84,33,142,25,276,239203,35739802.0
88,5,90,105,7.7,45.0,413,398,97,681,51,81446,1752214.0
84,12,98,67,7.7,77.97153024911032,301,509,751,583,67,60368,68034750.87364621
84,12,126,123,7.7,77.97153024911032,455,590,440,60,927,28630,68034750.87364621
84,12,101,122,7.7,86.0,451,597,737,377,39,115576,327919.0
92,14,108,177,7.7,78.0,16,18,173,625,822,474141,25442958.0
84,8,120,137,7.7,78.0,474,399,723,718,662,32001,412544.0
84,8,123,87,7.7,74.0,278,281,230,271,498,175355,17605861.0
85,14,157,129,7.7,78.0,100,276,658,532,51,466080,33080084.0
84,8,110,22,7.7,53.0,375,333,72,591,559,299524,22494487.0
83,6,116,153,7.7,70.0,79,167,74,284,657,28003,1054361.0
85,8,122,88,7.7,78.0,38,539,695,156,22,61609,871577.0
88,12,100,67,7.7,71.0,348,98,498,886,211,405922,200821936.0
84,8,145,180,7.7,71.0,377,100,710,818,308,72643,4398392.0
83,1,134,172,7.7,87.0,33,276,283,576,726,323103,83043761.0
85,1,122,22,7.7,76.0,208,531,124,71,549,288797,53606916.0
82,14,112,132,7.7,66.0,373,169,697,815,476,419483,54580300.0
82,14,99,18,7.7,78.0,465,571,806,665,815,127250,17108591.0
82,1,108,33,7.7,73.0,372,424,233,378,103,434841,176241941.0
82,8,101,179,7.7,61.0,57,128,362,6,436,358432,1082715.0
82,1,152,88,7.7,73.0,480,284,648,457,163,138356,75331600.0
81,14,102,100,7.7,89.0,457,66,703,275,45,415074,44585453.0
83,14,157,55,7.7,81.0,340,148,206,727,251,548619,290013036.0
82,14,146,22,7.7,47.0,508,165,133,160,718,329592,77911774.0
87,12,100,77,7.7,80.0,182,142,761,398,396,197761,75286229.0
81,14,154,25,7.7,55.0,120,603,439,84,907,400049,111110575.0
80,8,114,137,7.7,83.0,384,182,178,610,48,25938,4890878.0
81,8,121,105,7.7,68.0,529,144,432,145,260,137981,4064200.0
80,6,105,137,7.7,76.0,228,470,695,196,790,40403,15539266.0
79,6,132,137,7.7,28.0,225,553,549,160,196,142863,40311852.0
80,8,115,100,7.7,83.0,458,461,535,133,859,178565,22245861.0
79,1,144,157,7.7,74.0,411,333,219,832,247,364254,108638745.0
80,1,117,132,7.7,72.0,438,605,788,697,536,246840,104454762.0
79,8,120,179,7.7,60.0,363,454,125,617,915,90842,141072.0
78,8,110,162,7.7,74.0,466,283,419,356,372,126770,21995263.0
79,8,95,103,7.7,85.0,234,318,562,787,855,31957,3029081.0
79,14,116,136,7.7,74.0,469,229,81,423,603,516372,183417150.0
78,12,103,65,7.7,62.0,540,32,397,630,900,29210,151086.0
78,12,107,39,7.7,69.0,231,200,257,405,861,286742,45512588.0
80,8,116,40,7.7,77.97153024911032,54,280,245,473,604,29999,68034750.87364621
77,1,81,75,7.7,73.0,510,613,522,538,346,192112,52037603.0
77,8,89,93,7.7,68.0,338,526,359,178,9,241575,10824921.0
76,12,134,100,7.7,81.0,500,286,404,656,217,66408,2807390.0
79,1,122,132,7.7,69.0,37,165,214,758,865,390247,76631907.0
76,14,93,105,7.7,86.0,524,292,76,620,803,169229,17105219.0
75,12,119,169,7.7,77.97153024911032,13,179,622,125,257,64082,368234.0
77,8,113,102,7.7,90.0,458,320,98,118,429,312542,22858926.0
75,1,139,105,7.7,67.0,207,273,285,282,170,275755,148478011.0
75,14,126,11,7.7,52.0,294,93,557,257,340,434125,63540020.0
76,6,80,93,7.7,73.0,139,595,322,242,177,37424,4065116.0
75,1,127,84,7.7,76.0,340,9,402,568,112,279318,41909762.0
74,12,105,88,7.7,87.0,444,227,57,433,821,51350,35811509.0
74,1,129,129,7.7,47.0,170,506,456,210,428,189716,56116183.0
74,6,242,137,7.7,77.97153024911032,274,354,417,191,482,35991,4414535.0
73,12,97,139,7.7,83.0,20,387,193,492,771,32236,10019307.0
73,14,99,95,7.7,71.0,269,381,550,804,148,26429,68034750.87364621
72,12,108,83,7.7,81.0,333,423,518,657,575,33600,21848932.0
72,8,92,93,7.7,70.0,280,85,353,529,546,211450,3151130.0
71,8,188,100,7.7,79.0,415,28,415,825,109,42275,6110979.0
71,14,125,137,7.7,66.0,253,605,160,711,118,224169,77324422.0
70,3,85,101,7.7,64.0,62,436,442,177,641,50298,27281507.0
70,12,202,87,7.7,73.0,459,165,40,186,824,85819,48169908.0
70,14,112,4,7.7,76.0,331,146,488,728,250,150409,75505856.0
70,12,94,67,7.7,83.0,179,562,771,103,875,77798,68034750.87364621
70,8,100,129,7.7,82.0,203,9,316,14,12,95826,10725228.0
70,12,138,179,7.7,62.0,413,603,318,188,499,235388,141340178.0
69,6,130,137,7.7,64.0,250,347,372,541,598,66941,82418501.0
69,12,116,106,7.7,69.0,231,200,400,396,455,113240,6153939.0
68,8,115,132,7.7,66.0,231,200,241,13,437,125822,5080409.0
66,12,104,67,7.7,83.0,426,75,131,380,142,182009,156452370.0
66,12,107,199,7.7,77.97153024911032,163,62,251,388,306,33982,68034750.87364621
65,8,107,100,7.7,84.0,63,504,618,691,720,40396,1544889.0
65,12,163,87,7.7,76.0,47,323,376,653,769,94326,43984230.0
65,12,153,26,7.7,62.0,470,128,395,580,666,115677,22238696.0
64,8,130,129,7.7,54.0,216,552,126,299,240,102031,7153487.0
64,1,120,170,7.7,76.0,103,269,453,190,523,181285,8551228.0
63,12,82,111,7.7,75.0,532,433,355,170,344,47102,10631333.0
63,14,97,95,7.7,90.0,313,241,677,850,869,59635,10600000.0
61,5,79,93,7.7,77.97153024911032,532,644,537,634,416,39881,11798616.0
60,12,129,137,7.7,77.0,456,473,113,333,367,36096,54000000.0
60,12,113,11,7.7,67.0,352,641,473,182,363,112704,78912963.0
60,1,93,0,7.7,61.0,483,580,87,688,85,226541,47212904.0
58,12,124,137,7.7,86.0,421,171,516,418,862,47099,54800000.0
58,12,88,93,7.7,78.0,226,160,367,705,464,214882,83400000.0
57,12,100,69,7.7,71.0,179,647,192,466,567,27014,68034750.87364621
56,1,91,196,7.7,87.0,236,170,332,836,654,233106,47000000.0
54,8,126,179,7.7,71.0,431,525,308,559,411,39889,1924733.0
53,5,85,120,7.7,89.0,532,644,164,267,267,36037,68034750.87364621
52,12,104,24,7.7,68.0,259,632,664,535,322,26729,68034750.87364621
52,1,93,121,7.7,73.0,324,134,254,781,320,125993,119500000.0
51,1,130,84,7.7,87.0,456,9,398,329,84,109941,29800000.0
51,1,102,22,7.7,83.0,417,92,399,373,7,96561,25000000.0
50,12,109,52,7.7,80.0,233,328,94,601,754,98740,7056013.0
49,1,104,22,7.7,94.0,525,223,679,232,872,110075,15630710.0
49,1,102,24,7.7,90.0,115,135,37,293,733,143292,35900000.0
46,12,158,13,7.7,63.0,61,502,138,542,689,51913,68034750.87364621
46,3,105,93,7.7,86.0,155,272,809,393,329,31572,44527234.0
45,12,150,13,7.7,73.0,414,376,211,121,419,67183,45300000.0
45,1,100,172,7.7,77.97153024911032,296,107,350,573,282,40274,26331.0
44,12,120,87,7.7,72.0,145,474,810,709,532,31222,28350000.0
43,12,105,161,7.7,91.0,431,107,299,394,925,48883,68034750.87364621
42,12,138,157,7.7,77.0,88,570,315,842,360,35999,68034750.87364621
42,1,110,12,7.7,87.0,174,552,262,305,810,174119,51081062.0
41,1,119,159,7.7,90.0,22,521,770,372,838,171739,11403529.0
40,7,106,179,7.7,76.0,194,240,660,663,551,26457,68034750.87364621
38,12,101,161,7.7,77.97153024911032,332,345,43,586,611,31354,83957.0
38,2,128,14,7.7,74.0,248,649,740,121,231,87719,4905000.0
38,12,90,158,7.7,90.0,165,486,27,430,23,27620,52709.0
34,2,80,160,7.7,92.0,115,357,147,476,508,44839,68034750.87364621
33,6,111,137,7.7,89.0,353,279,578,740,406,83363,68034750.87364621
33,12,91,94,7.7,91.0,18,12,625,120,330,26464,68034750.87364621
32,7,113,105,7.7,72.0,49,262,62,875,895,59415,68034750.87364621
30,7,129,105,7.7,77.97153024911032,237,326,525,68,898,34677,10550000.0
29,12,92,176,7.7,77.97153024911032,425,441,609,309,782,76315,68034750.87364621
29,5,105,50,7.7,91.0,241,262,429,707,700,71481,536118.0
24,2,110,151,7.7,77.97153024911032,76,510,266,264,444,27991,68034750.87364621
18,3,125,81,7.7,96.0,201,544,229,611,186,88662,76408097.0
11,11,71,195,7.7,87.0,213,133,268,874,328,30683,68034750.87364621
97,6,126,87,7.6,73.0,498,415,46,825,89,60408,68034750.87364621
96,13,102,170,7.6,71.0,32,319,158,415,630,140840,26020957.0
97,1,161,100,7.6,83.0,391,382,81,525,241,551309,142502728.0
95,8,127,137,7.6,86.0,31,421,20,550,580,29765,566356.0
95,1,111,137,7.6,92.0,445,89,86,872,159,95181,5904366.0
97,1,137,84,7.6,68.0,113,434,331,100,147,46739,68034750.87364621
95,6,101,137,7.6,60.0,305,121,527,499,673,99643,24801212.0
97,6,97,40,7.6,70.0,512,442,836,38,175,66346,13122642.0
93,12,138,130,7.6,77.0,447,371,239,248,116,52903,68034750.87364621
93,6,97,137,7.6,83.0,111,246,172,840,233,35785,845464.0
95,14,136,2,7.6,67.0,205,124,838,176,888,569974,389813101.0
95,14,113,22,7.6,86.0,119,36,403,408,228,439406,107825862.0
95,14,134,16,7.6,72.0,257,332,556,359,393,58371,18340051.0
93,14,142,156,7.6,81.0,470,605,507,11,33,287659,72313754.0
96,14,118,62,7.6,80.0,58,139,293,753,336,250057,608581744.0
94,12,107,67,7.6,81.0,432,324,174,137,62,272784,248757044.0
93,1,121,22,7.6,82.0,110,193,410,75,440,371291,46889293.0
93,1,133,178,7.6,82.0,436,434,744,814,706,247666,109767581.0
92,8,140,122,7.6,92.0,31,16,195,719,892,49397,1092800.0
94,8,102,22,7.6,88.0,104,123,71,359,290,204175,26862450.0
91,6,98,83,7.6,77.0,467,336,739,783,572,94212,37707719.0
92,14,130,4,7.6,79.0,318,220,441,35,512,411599,208545589.0
90,12,112,199,7.6,77.97153024911032,367,330,298,69,63,57549,68034750.87364621
89,1,101,36,7.6,73.0,149,265,34,679,214,190531,4105123.0
90,1,109,22,7.6,68.0,98,276,545,40,29,228132,41003371.0
88,12,94,69,7.6,80.0,185,24,561,733,846,80939,19202743.0
96,14,136,165,7.6,88.0,59,370,82,743,300,334312,215288866.0
88,6,110,184,7.6,80.0,127,315,354,547,307,311822,171243005.0
88,8,118,172,7.6,65.0,474,446,786,534,904,38491,1008098.0
88,12,95,73,7.6,72.0,387,125,738,354,770,500851,251513985.0
89,8,100,105,7.6,72.0,254,331,711,40,113,315426,35014192.0
88,14,117,17,7.6,66.0,320,1,582,130,273,524081,48071303.0
87,12,113,3,7.6,77.97153024911032,93,395,16,52,569,63882,68034750.87364621
89,6,133,90,7.6,87.0,46,80,667,409,705,369529,75605492.0
89,8,120,161,7.6,70.0,378,40,194,343,582,138959,3185812.0
87,1,88,42,7.6,73.0,435,306,204,878,2,520041,75590286.0
86,12,107,179,7.6,77.97153024911032,112,342,239,552,397,102742,68034750.87364621
87,6,128,9,7.6,57.0,175,516,412,666,587,583158,209028679.0
87,14,129,90,7.6,53.0,244,492,697,824,357,293266,255959475.0
85,6,104,137,7.6,79.0,502,507,276,164,331,41544,9422422.0
86,14,123,137,7.6,36.0,147,636,678,878,621,286770,69951824.0
85,8,100,22,7.6,82.0,99,457,797,57,442,227760,17114882.0
85,12,127,55,7.6,66.0,320,112,134,777,341,255036,38634938.0
87,12,71,69,7.6,81.0,505,463,218,99,633,31779,686383.0
84,8,129,129,7.6,76.0,459,165,139,382,157,339757,88513495.0
85,8,114,129,7.6,72.0,45,453,183,115,631,250590,20300218.0
85,6,140,88,7.6,66.0,365,412,745,632,243,82781,10301706.0
84,6,104,16,7.6,70.0,434,307,476,882,924,72863,24633730.0
84,12,110,146,7.6,68.0,350,181,369,639,767,354728,39868642.0
82,12,90,132,7.6,52.0,451,470,246,828,833,49728,6013.0
87,14,153,5,7.6,78.0,107,148,206,727,622,474827,301959197.0
84,1,117,25,7.6,52.0,543,232,472,181,206,732876,210614939.0
83,8,124,174,7.6,72.0,532,550,407,218,605,206294,23089926.0
87,1,162,27,7.6,56.0,543,274,614,110,568,500799,107509799.0
83,8,122,22,7.6,62.0,29,461,214,351,106,294140,24149632.0
82,14,103,194,7.6,46.0,212,103,469,171,494,379020,56000369.0
86,8,124,137,7.6,67.0,77,484,695,576,136,83158,3081925.0
82,8,105,137,7.6,73.0,169,82,409,213,149,65939,697181.0
81,8,93,105,7.6,45.0,534,243,503,816,450,67360,548707.0
82,12,133,168,7.6,76.0,219,51,247,382,208,70925,6167817.0
81,8,89,100,7.6,81.0,502,477,608,90,691,67370,5739376.0
81,14,124,132,7.6,70.0,14,553,73,595,180,224545,16290476.0
80,8,129,132,7.6,56.0,73,343,717,63,405,62659,45289.0
82,12,106,86,7.6,67.0,304,327,428,425,718,198677,51680613.0
80,8,135,137,7.6,68.0,459,181,68,656,757,169708,13060843.0
82,12,113,177,7.6,30.0,124,271,61,26,617,451479,57938693.0
80,1,113,160,7.6,73.0,95,131,573,140,20,376853,45064915.0
78,12,114,4,7.6,81.0,282,590,5,808,843,169091,68034750.87364621
79,1,110,100,7.6,76.0,524,223,275,36,80,266842,52364010.0
79,1,106,137,7.6,88.0,20,409,242,166,34,115827,13622333.0
79,12,152,55,7.6,64.0,78,148,680,692,565,658185,317575550.0
79,6,101,194,7.6,74.0,13,462,130,235,11,337651,96522687.0
79,8,124,84,7.6,52.0,482,327,622,247,713,240714,52990775.0
79,1,131,157,7.6,53.0,216,335,183,414,717,243729,51401758.0
80,1,145,23,7.6,80.0,470,603,141,747,610,508417,132072926.0
77,8,146,90,7.6,74.0,361,165,794,184,538,91557,50668906.0
78,1,101,95,7.6,64.0,315,128,422,416,90,490062,15070285.0
76,14,81,132,7.6,77.0,503,215,569,302,670,188317,7267585.0
76,1,170,182,7.6,78.0,485,309,708,607,509,172710,36400491.0
76,12,88,69,7.6,71.0,506,56,559,206,71,256906,120620254.0
76,8,118,40,7.6,41.0,487,327,73,827,623,259753,10680275.0
75,1,108,132,7.6,69.0,330,578,791,58,268,65058,68034750.87364621
76,1,100,198,7.6,66.0,17,530,446,364,911,187927,14378331.0
74,14,147,132,7.6,49.0,44,514,443,94,377,186734,49100000.0
75,1,134,199,7.6,52.0,103,68,607,404,555,131101,3796699.0
73,12,136,172,7.6,84.0,33,196,428,338,868,102598,43182776.0
73,1,128,12,7.6,58.0,245,93,364,749,297,364420,100012499.0
73,8,121,47,7.6,62.0,227,327,243,157,519,90442,1037847.0
73,1,135,172,7.6,69.0,84,135,535,44,885,73172,71516617.0
99,12,140,48,7.6,77.0,433,605,77,458,275,269197,173837933.0
72,12,92,105,7.6,88.0,283,655,418,350,401,64390,1464625.0
71,8,113,22,7.6,56.0,232,437,659,66,716,171640,40903593.0
71,12,102,93,7.6,78.0,408,291,812,549,756,165465,7993039.0
70,14,120,94,7.6,68.0,255,313,506,672,643,107325,52929168.0
69,12,118,79,7.6,90.0,192,447,783,881,614,27071,453243.0
69,8,99,94,7.6,66.0,303,302,501,199,685,80487,1794187.0
68,12,103,108,7.6,63.0,78,397,382,168,425,488817,285761243.0
68,1,162,122,7.6,60.0,137,9,164,34,844,359809,66666062.0
67,14,95,105,7.6,76.0,413,71,529,111,112,195663,92823600.0
67,12,83,81,7.6,88.0,432,324,380,748,732,237696,111543479.0
66,12,85,94,7.6,76.0,108,384,631,614,736,152871,78756177.0
65,12,93,100,7.6,72.0,240,573,385,475,625,124773,49530280.0
65,1,109,24,7.6,68.0,405,432,149,256,642,236894,65207127.0
62,1,99,132,7.6,82.0,231,200,390,240,176,87745,2150000.0
59,14,109,137,7.6,68.0,308,346,289,345,216,27650,119285432.0
59,1,96,11,7.6,77.0,159,432,89,570,609,166588,12465371.0
57,14,92,24,7.6,65.0,521,435,328,203,105,93878,22490039.0
57,12,95,41,7.6,74.0,204,310,231,370,743,32802,76657000.0
57,1,112,15,7.6,76.0,115,135,612,713,354,121731,43000000.0
56,12,91,68,7.6,64.0,312,321,393,687,722,33656,68034750.87364621
56,1,121,84,7.6,59.0,12,79,305,88,683,73662,35000000.0
55,12,138,176,7.6,90.0,470,503,238,812,615,184966,132088635.0
51,1,112,95,7.6,87.0,415,188,588,789,586,26337,959000.0
49,5,157,183,7.6,77.0,449,520,325,720,576,30144,696690.0
48,4,144,45,7.6,50.0,61,135,758,200,135,45338,1378435.0
45,12,78,69,7.6,65.0,531,482,709,509,110,166409,141843612.0
44,1,111,170,7.6,82.0,336,155,793,752,420,56513,68034750.87364621
42,12,87,114,7.6,96.0,407,322,617,263,746,40351,13780024.0
39,1,115,105,7.6,76.0,50,50,260,633,114,166544,68034750.87364621
34,3,201,184,7.6,84.0,164,185,668,337,134,34075,68034750.87364621
31,7,118,175,7.6,85.0,145,96,566,185,212,43374,30500000.0
22,12,97,182,7.6,78.0,22,588,392,867,908,26471,68034750.87364621
13,12,86,135,7.6,93.0,22,515,487,510,294,51853,68034750.87364621
