student_id,age,study_hours_per_week,attendance_rate,previous_score,final_score,gender_Female,gender_Male,parent_education_Bachelor,parent_education_High School,parent_education_Master,parent_education_PhD,parent_education_Unknown,internet_access_No,internet_access_Yes,extracurricular_No,extracurricular_Yes,passed_No,passed_Yes
0.0,0.0,0.8214285714285714,0.2730923694779115,0.16923076923076918,0.6266666666666667,0.0,1.0,1.0,0.0,0.0,0.0,0.0,0.0,1.0,0.0,1.0,0.0,1.0
0.002004008016032064,0.0,0.0,0.09036144578313254,0.8153846153846155,0.10666666666666669,1.0,0.0,1.0,0.0,0.0,0.0,0.0,0.0,1.0,0.0,1.0,1.0,0.0
0.004008016032064128,1.0,0.2857142857142857,0.8092369477911645,0.6615384615384615,0.38666666666666666,1.0,0.0,0.0,1.0,0.0,0.0,0.0,0.0,1.0,1.0,0.0,1.0,0.0
0.0060120240480961915,0.25,0.8571428571428571,0.33333333333333326,0.6923076923076924,0.6666666666666667,0.0,1.0,0.0,1.0,0.0,0.0,0.0,1.0,0.0,0.0,1.0,0.0,1.0
0.008016032064128256,0.0,0.8214285714285714,0.45783132530120474,0.5692307692307693,0.7600000000000002,1.0,0.0,0.0,1.0,0.0,0.0,0.0,1.0,0.0,0.0,1.0,0.0,1.0
0.01002004008016032,1.0,0.21428571428571427,0.7028112449799195,0.15384615384615385,0.22666666666666668,1.0,0.0,0.0,1.0,0.0,0.0,0.0,0.0,1.0,1.0,0.0,1.0,0.0
0.012024048096192383,0.75,0.2857142857142857,0.4518072289156625,0.6923076923076924,0.2933333333333334,0.0,1.0,0.0,0.0,1.0,0.0,0.0,0.0,1.0,1.0,0.0,1.0,0.0
0.014028056112224447,0.0,0.6785714285714286,0.6325301204819276,0.9076923076923077,0.6666666666666667,1.0,0.0,0.0,0.0,0.0,0.0,1.0,0.0,1.0,0.0,1.0,0.0,1.0
0.01603206412825651,1.0,0.24999999999999997,0.6827309236947792,0.6153846153846155,0.38666666666666666,1.0,0.0,0.0,1.0,0.0,0.0,0.0,0.0,1.0,0.0,1.0,1.0,0.0
0.018036072144288574,0.0,0.21428571428571427,0.9136546184738956,0.9692307692307692,0.48000000000000004,1.0,0.0,0.0,0.0,0.0,0.0,1.0,1.0,0.0,0.0,1.0,0.0,1.0
0.02004008016032064,0.25,0.2857142857142857,0.13654618473895574,0.7846153846153846,0.32,1.0,0.0,0.0,0.0,0.0,0.0,1.0,1.0,0.0,1.0,0.0,1.0,0.0
0.022044088176352703,0.25,0.5714285714285714,0.4919678714859437,0.3076923076923077,0.6533333333333333,0.0,1.0,0.0,1.0,0.0,0.0,0.0,0.0,1.0,0.0,1.0,0.0,1.0
0.024048096192384766,1.0,0.07142857142857142,0.38152610441767054,0.015384615384615385,0.24000000000000005,1.0,0.0,0.0,0.0,0.0,0.0,1.0,1.0,0.0,1.0,0.0,1.0,0.0
0.026052104208416832,1.0,0.8571428571428571,0.2630522088353413,0.8461538461538461,0.5866666666666667,0.0,1.0,0.0,0.0,1.0,0.0,0.0,0.0,1.0,1.0,0.0,0.0,1.0
0.028056112224448895,0.0,0.8214285714285714,0.8755020080321283,0.5846153846153846,0.8533333333333335,1.0,0.0,0.0,0.0,1.0,0.0,0.0,0.0,1.0,0.0,1.0,0.0,1.0
0.03006012024048096,0.25,0.3928571428571428,0.761044176706827,0.9538461538461539,0.38666666666666666,0.0,1.0,0.0,0.0,0.0,0.0,1.0,0.0,1.0,1.0,0.0,1.0,0.0
0.03206412825651302,0.5,1.0,0.9859437751004014,0.46153846153846156,0.9200000000000002,0.0,1.0,0.0,0.0,1.0,0.0,0.0,0.0,1.0,0.0,1.0,0.0,1.0
0.03406813627254509,0.0,0.8214285714285714,0.48393574297188735,0.923076923076923,0.7866666666666668,0.0,1.0,0.0,1.0,0.0,0.0,0.0,0.0,1.0,0.0,1.0,0.0,1.0
0.03607214428857715,0.5,0.5714285714285714,0.8714859437751001,0.6,0.6000000000000001,0.0,1.0,0.0,0.0,0.0,1.0,0.0,0.0,1.0,0.0,1.0,0.0,1.0
0.038076152304609215,0.75,1.0,0.5160642570281124,0.12307692307692308,0.6666666666666667,1.0,0.0,0.0,1.0,0.0,0.0,0.0,0.0,1.0,0.0,1.0,0.0,1.0
0.04008016032064128,1.0,0.6071428571428571,0.2269076305220883,0.10769230769230764,0.34666666666666673,0.0,1.0,1.0,0.0,0.0,0.0,0.0,0.0,1.0,0.0,1.0,1.0,0.0
0.04208416833667334,0.0,0.9642857142857142,0.327309236947791,0.9538461538461539,0.6933333333333334,0.0,1.0,0.0,0.0,0.0,0.0,1.0,0.0,1.0,1.0,0.0,0.0,1.0
0.044088176352705406,1.0,0.6428571428571428,0.469879518072289,0.18461538461538463,0.37333333333333335,0.0,1.0,0.0,0.0,0.0,1.0,0.0,1.0,0.0,0.0,1.0,1.0,0.0
0.04609218436873747,0.5,0.4642857142857143,0.40963855421686723,0.7846153846153846,0.6266666666666667,1.0,0.0,0.0,1.0,0.0,0.0,0.0,0.0,1.0,0.0,1.0,0.0,1.0
0.04809619238476953,0.0,0.24999999999999997,0.1887550200803212,0.8307692307692308,0.24000000000000005,1.0,0.0,0.0,0.0,0.0,0.0,1.0,1.0,0.0,0.0,1.0,1.0,0.0
0.0501002004008016,0.75,0.24999999999999997,0.8734939759036144,0.09230769230769231,0.44,1.0,0.0,0.0,1.0,0.0,0.0,0.0,1.0,0.0,0.0,1.0,0.0,1.0
0.052104208416833664,0.0,0.8571428571428571,0.8473895582329318,0.9384615384615386,0.7333333333333334,0.0,1.0,1.0,0.0,0.0,0.0,0.0,1.0,0.0,1.0,0.0,0.0,1.0
0.05410821643286573,0.0,0.17857142857142858,0.3755020080321285,0.5538461538461538,0.2933333333333334,1.0,0.0,0.0,0.0,0.0,1.0,0.0,1.0,0.0,1.0,0.0,1.0,0.0
0.05611222444889779,0.25,0.21428571428571427,0.2931726907630521,0.10769230769230764,0.053333333333333344,1.0,0.0,0.0,1.0,0.0,0.0,0.0,0.0,1.0,1.0,0.0,1.0,0.0
0.058116232464929855,1.0,0.9642857142857142,0.5301204819277106,0.12307692307692308,0.7733333333333334,1.0,0.0,0.0,1.0,0.0,0.0,0.0,0.0,1.0,0.0,1.0,0.0,1.0
0.06012024048096192,0.25,0.4285714285714286,0.11646586345381515,0.15384615384615385,0.3066666666666667,0.0,1.0,0.0,0.0,0.0,0.0,1.0,0.0,1.0,0.0,1.0,1.0,0.0
0.06212424849699398,0.5,0.21428571428571427,0.6686746987951806,0.7692307692307693,0.2933333333333334,1.0,0.0,0.0,0.0,1.0,0.0,0.0,0.0,1.0,1.0,0.0,1.0,0.0
0.06412825651302605,0.75,0.3571428571428571,0.9297188755020078,0.18461538461538463,0.2933333333333334,1.0,0.0,0.0,1.0,0.0,0.0,0.0,0.0,1.0,1.0,0.0,1.0,0.0
0.06613226452905811,1.0,0.2857142857142857,0.12851405622489942,0.7230769230769231,0.2800000000000001,0.0,1.0,0.0,0.0,1.0,0.0,0.0,0.0,1.0,0.0,1.0,1.0,0.0
0.06813627254509018,0.75,0.9285714285714286,0.542168674698795,0.20000000000000007,0.56,0.0,1.0,0.0,0.0,1.0,0.0,0.0,0.0,1.0,1.0,0.0,0.0,1.0
0.07014028056112225,0.0,1.0,0.10441767068273089,0.5538461538461538,0.7733333333333334,1.0,0.0,0.0,0.0,0.0,0.0,1.0,0.0,1.0,1.0,0.0,0.0,1.0
0.0721442885771543,0.5,0.21428571428571427,0.6867469879518073,0.09230769230769231,0.14666666666666672,0.0,1.0,0.0,0.0,1.0,0.0,0.0,1.0,0.0,1.0,0.0,1.0,0.0
0.07414829659318636,0.5,0.03571428571428571,0.0,0.8615384615384617,0.24000000000000005,1.0,0.0,1.0,0.0,0.0,0.0,0.0,1.0,0.0,0.0,1.0,1.0,0.0
0.07615230460921843,1.0,0.0,0.10843373493975905,0.27692307692307694,0.09333333333333338,1.0,0.0,1.0,0.0,0.0,0.0,0.0,0.0,1.0,1.0,0.0,1.0,0.0
0.0781563126252505,0.0,0.3214285714285714,0.3614457831325302,0.4769230769230769,0.46666666666666673,0.0,1.0,0.0,1.0,0.0,0.0,0.0,1.0,0.0,0.0,1.0,0.0,1.0
0.08016032064128256,0.5,0.8571428571428571,0.5582329317269075,0.3076923076923077,0.8266666666666669,0.0,1.0,0.0,0.0,0.0,1.0,0.0,0.0,1.0,0.0,1.0,0.0,1.0
0.08216432865731463,0.75,0.0,0.17670682730923692,0.5230769230769231,0.040000000000000036,0.0,1.0,0.0,0.0,1.0,0.0,0.0,1.0,0.0,0.0,1.0,1.0,0.0
0.08416833667334668,0.75,0.9642857142857142,0.034136546184738714,0.8923076923076924,0.6933333333333334,0.0,1.0,0.0,0.0,0.0,1.0,0.0,0.0,1.0,0.0,1.0,0.0,1.0
0.08617234468937875,0.25,0.24999999999999997,0.02008032128514059,0.5384615384615384,0.10666666666666669,1.0,0.0,1.0,0.0,0.0,0.0,0.0,1.0,0.0,1.0,0.0,1.0,0.0
0.08817635270541081,0.5,0.7142857142857143,0.5080321285140561,0.2153846153846154,0.49333333333333335,1.0,0.0,0.0,0.0,0.0,0.0,1.0,1.0,0.0,0.0,1.0,0.0,1.0
0.09018036072144288,1.0,0.2857142857142857,0.034136546184738714,0.6153846153846155,0.2933333333333334,0.0,1.0,0.0,0.0,0.0,0.0,1.0,1.0,0.0,1.0,0.0,1.0,0.0
0.09218436873747494,0.75,1.0,0.5742971887550199,0.0,0.7333333333333334,0.0,1.0,0.0,0.0,1.0,0.0,0.0,0.0,1.0,1.0,0.0,0.0,1.0
0.09418837675350701,0.5,0.4642857142857143,0.06626506024096379,0.5846153846153846,0.44,0.0,1.0,0.0,0.0,1.0,0.0,0.0,1.0,0.0,0.0,1.0,0.0,1.0
0.09619238476953906,0.75,0.3571428571428571,0.39959839357429705,0.8153846153846155,0.5466666666666666,1.0,0.0,0.0,0.0,1.0,0.0,0.0,0.0,1.0,0.0,1.0,0.0,1.0
0.09819639278557113,0.25,0.6785714285714286,0.5682730923694779,0.5538461538461538,0.52,1.0,0.0,0.0,0.0,0.0,1.0,0.0,0.0,1.0,1.0,0.0,0.0,1.0
0.1002004008016032,1.0,0.6785714285714286,0.6526104417670682,0.41538461538461535,0.6400000000000001,1.0,0.0,0.0,0.0,0.0,1.0,0.0,1.0,0.0,1.0,0.0,0.0,1.0
0.10220440881763526,0.25,0.75,0.08032128514056214,0.46153846153846156,0.6400000000000001,1.0,0.0,0.0,0.0,0.0,0.0,1.0,1.0,0.0,0.0,1.0,0.0,1.0
0.10420841683366733,0.25,0.8928571428571428,0.1967871485943773,0.923076923076923,0.8,1.0,0.0,0.0,1.0,0.0,0.0,0.0,0.0,1.0,0.0,1.0,0.0,1.0
0.1062124248496994,0.75,0.4642857142857143,0.8855421686746987,0.9692307692307692,0.6133333333333333,0.0,1.0,0.0,0.0,0.0,0.0,1.0,0.0,1.0,1.0,0.0,0.0,1.0
0.10821643286573146,0.25,0.7142857142857143,0.6867469879518073,0.3384615384615385,0.7733333333333334,0.0,1.0,0.0,1.0,0.0,0.0,0.0,1.0,0.0,0.0,1.0,0.0,1.0
0.11022044088176351,0.0,0.6071428571428571,0.24698795180722888,0.9076923076923077,0.6800000000000002,1.0,0.0,0.0,1.0,0.0,0.0,0.0,1.0,0.0,0.0,1.0,0.0,1.0
0.11222444889779558,0.75,0.6785714285714286,0.8152610441767068,0.3076923076923077,0.7466666666666668,1.0,0.0,0.0,0.0,0.0,0.0,1.0,1.0,0.0,1.0,0.0,0.0,1.0
0.11422845691382764,0.75,0.2857142857142857,0.7510040160642568,0.5384615384615384,0.44,1.0,0.0,0.0,0.0,1.0,0.0,0.0,1.0,0.0,0.0,1.0,0.0,1.0
0.11623246492985971,0.5,0.24999999999999997,0.26907630522088355,0.29230769230769227,0.1866666666666667,0.0,1.0,0.0,0.0,1.0,0.0,0.0,0.0,1.0,0.0,1.0,1.0,0.0
0.11823647294589178,0.25,0.7857142857142857,0.21084337349397586,0.9076923076923077,0.6666666666666667,1.0,0.0,0.0,0.0,0.0,1.0,0.0,1.0,0.0,1.0,0.0,0.0,1.0
0.12024048096192384,0.25,0.9285714285714286,0.41767068273092356,0.9384615384615386,0.6133333333333333,0.0,1.0,0.0,0.0,0.0,0.0,1.0,0.0,1.0,1.0,0.0,0.0,1.0
0.1222444889779559,0.5,0.8571428571428571,0.3875502008032128,0.4307692307692308,0.5866666666666667,1.0,0.0,0.0,0.0,0.0,1.0,0.0,0.0,1.0,1.0,0.0,0.0,1.0
0.12424849699398796,0.75,0.0,0.3855421686746987,0.24615384615384617,0.22666666666666668,1.0,0.0,0.0,0.0,0.0,1.0,0.0,0.0,1.0,1.0,0.0,1.0,0.0
0.12625250501002003,0.75,0.6428571428571428,0.5622489959839356,0.2615384615384616,0.5466666666666666,0.0,1.0,0.0,1.0,0.0,0.0,0.0,0.0,1.0,1.0,0.0,0.0,1.0
0.1282565130260521,0.0,0.2857142857142857,0.3775100401606424,0.6615384615384615,0.52,0.0,1.0,1.0,0.0,0.0,0.0,0.0,1.0,0.0,1.0,0.0,0.0,1.0
0.13026052104208416,0.5,0.8571428571428571,0.9518072289156625,0.923076923076923,0.6800000000000002,1.0,0.0,0.0,0.0,0.0,1.0,0.0,1.0,0.0,0.0,1.0,0.0,1.0
0.13226452905811623,0.5,0.24999999999999997,0.64859437751004,0.3846153846153847,0.1866666666666667,0.0,1.0,0.0,1.0,0.0,0.0,0.0,0.0,1.0,0.0,1.0,1.0,0.0
0.1342685370741483,0.25,0.14285714285714285,0.4718875502008031,0.49230769230769234,0.4266666666666667,0.0,1.0,0.0,1.0,0.0,0.0,0.0,0.0,1.0,1.0,0.0,0.0,1.0
0.13627254509018036,0.25,0.6785714285714286,0.606425702811245,0.20000000000000007,0.6266666666666667,1.0,0.0,0.0,1.0,0.0,0.0,0.0,0.0,1.0,1.0,0.0,0.0,1.0
0.13827655310621242,0.5,0.6428571428571428,0.6767068273092369,0.13846153846153852,0.6000000000000001,0.0,1.0,0.0,0.0,0.0,1.0,0.0,1.0,0.0,0.0,1.0,0.0,1.0
0.1402805611222445,0.0,0.7857142857142857,0.7710843373493974,0.6769230769230768,0.7866666666666668,0.0,1.0,0.0,0.0,0.0,0.0,1.0,0.0,1.0,0.0,1.0,0.0,1.0
0.14228456913827653,0.5,0.07142857142857142,0.5040160642570279,0.9538461538461539,0.1866666666666667,1.0,0.0,0.0,0.0,1.0,0.0,0.0,0.0,1.0,1.0,0.0,1.0,0.0
0.1442885771543086,0.5,0.7142857142857143,0.8915662650602407,0.3384615384615385,0.7866666666666668,1.0,0.0,0.0,0.0,0.0,1.0,0.0,0.0,1.0,1.0,0.0,0.0,1.0
0.14629258517034066,1.0,0.8928571428571428,0.9196787148594376,0.5230769230769231,0.7600000000000002,1.0,0.0,0.0,0.0,0.0,1.0,0.0,1.0,0.0,1.0,0.0,0.0,1.0
0.14829659318637273,0.0,0.2857142857142857,0.8815261044176705,0.6615384615384615,0.2933333333333334,0.0,1.0,1.0,0.0,0.0,0.0,0.0,1.0,0.0,1.0,0.0,1.0,0.0
0.1503006012024048,0.5,0.17857142857142858,0.48594377510040165,0.5384615384615384,0.38666666666666666,1.0,0.0,0.0,0.0,1.0,0.0,0.0,1.0,0.0,1.0,0.0,1.0,0.0
0.15230460921843686,1.0,0.0,0.5140562248995981,0.7999999999999999,0.2933333333333334,1.0,0.0,1.0,0.0,0.0,0.0,0.0,0.0,1.0,0.0,1.0,1.0,0.0
0.15430861723446893,0.75,0.7142857142857143,0.7108433734939756,0.5692307692307693,0.5866666666666667,0.0,1.0,0.0,0.0,0.0,1.0,0.0,0.0,1.0,0.0,1.0,0.0,1.0
0.156312625250501,0.25,0.3214285714285714,0.6626506024096386,0.8307692307692308,0.6133333333333333,1.0,0.0,0.0,0.0,1.0,0.0,0.0,1.0,0.0,1.0,0.0,0.0,1.0
0.15831663326653306,0.5,0.7857142857142857,0.4518072289156625,0.23076923076923073,0.72,1.0,0.0,0.0,0.0,1.0,0.0,0.0,1.0,0.0,0.0,1.0,0.0,1.0
0.16032064128256512,0.5,0.10714285714285712,0.7409638554216864,0.9384615384615386,0.32,0.0,1.0,1.0,0.0,0.0,0.0,0.0,0.0,1.0,0.0,1.0,1.0,0.0
0.1623246492985972,0.0,0.9285714285714286,0.19076305220883527,0.5846153846153846,0.5066666666666668,1.0,0.0,1.0,0.0,0.0,0.0,0.0,1.0,0.0,0.0,1.0,0.0,1.0
0.16432865731462926,0.5,0.03571428571428571,0.9738955823293172,0.9538461538461539,0.26666666666666666,0.0,1.0,0.0,0.0,0.0,0.0,1.0,1.0,0.0,0.0,1.0,1.0,0.0
0.16633266533066132,1.0,0.3214285714285714,0.4678714859437749,0.09230769230769231,0.24000000000000005,0.0,1.0,0.0,0.0,0.0,1.0,0.0,1.0,0.0,0.0,1.0,1.0,0.0
0.16833667334669336,0.0,0.9285714285714286,0.06224899598393563,0.29230769230769227,0.48000000000000004,1.0,0.0,0.0,0.0,0.0,1.0,0.0,0.0,1.0,0.0,1.0,0.0,1.0
0.17034068136272543,0.0,0.24999999999999997,0.11445783132530107,0.876923076923077,0.34666666666666673,1.0,0.0,0.0,0.0,0.0,1.0,0.0,0.0,1.0,1.0,0.0,1.0,0.0
0.1723446893787575,1.0,0.4642857142857143,0.30321285140562226,0.4,0.5066666666666668,1.0,0.0,0.0,0.0,0.0,0.0,1.0,0.0,1.0,0.0,1.0,0.0,1.0
0.17434869739478956,0.5,0.75,0.07831325301204806,0.3076923076923077,0.3333333333333334,0.0,1.0,1.0,0.0,0.0,0.0,0.0,0.0,1.0,0.0,1.0,1.0,0.0
0.17635270541082163,0.75,0.7857142857142857,0.5923694779116466,0.5538461538461538,0.8,1.0,0.0,0.0,0.0,1.0,0.0,0.0,0.0,1.0,0.0,1.0,0.0,1.0
0.1783567134268537,0.75,0.07142857142857142,0.6867469879518073,0.2153846153846154,0.2933333333333334,1.0,0.0,0.0,0.0,1.0,0.0,0.0,0.0,1.0,1.0,0.0,1.0,0.0
0.18036072144288576,0.25,0.2857142857142857,0.8253012048192769,0.6,0.5333333333333334,0.0,1.0,0.0,1.0,0.0,0.0,0.0,0.0,1.0,0.0,1.0,0.0,1.0
0.18236472945891782,0.75,0.10714285714285712,0.46586345381526106,0.9846153846153848,0.4000000000000001,1.0,0.0,0.0,0.0,1.0,0.0,0.0,1.0,0.0,1.0,0.0,0.0,1.0
0.1843687374749499,0.75,0.07142857142857142,0.5963855421686748,0.0461538461538461,0.040000000000000036,1.0,0.0,0.0,0.0,0.0,1.0,0.0,1.0,0.0,1.0,0.0,1.0,0.0
0.18637274549098196,1.0,0.6428571428571428,0.9497991967871484,0.923076923076923,0.7733333333333334,0.0,1.0,0.0,0.0,1.0,0.0,0.0,0.0,1.0,0.0,1.0,0.0,1.0
0.18837675350701402,0.5,0.17857142857142858,0.9959839357429718,0.923076923076923,0.4533333333333334,1.0,0.0,0.0,0.0,0.0,1.0,0.0,1.0,0.0,0.0,1.0,0.0,1.0
0.1903807615230461,0.5,0.3571428571428571,0.6686746987951806,0.9692307692307692,0.46666666666666673,1.0,0.0,1.0,0.0,0.0,0.0,0.0,1.0,0.0,1.0,0.0,0.0,1.0
0.19238476953907813,1.0,0.03571428571428571,0.4518072289156625,0.2153846153846154,0.32,1.0,0.0,0.0,0.0,1.0,0.0,0.0,1.0,0.0,1.0,0.0,1.0,0.0
0.1943887775551102,1.0,0.9285714285714286,0.9879518072289157,0.09230769230769231,0.6666666666666667,1.0,0.0,0.0,0.0,0.0,0.0,1.0,1.0,0.0,1.0,0.0,0.0,1.0
0.19639278557114226,1.0,0.8571428571428571,0.49598393574297184,0.5230769230769231,0.7466666666666668,1.0,0.0,0.0,0.0,0.0,1.0,0.0,0.0,1.0,0.0,1.0,0.0,1.0
0.19839679358717432,0.5,0.5,0.8795180722891565,0.46153846153846156,0.6800000000000002,0.0,1.0,0.0,0.0,0.0,1.0,0.0,0.0,1.0,0.0,1.0,0.0,1.0
0.2004008016032064,0.5,0.6071428571428571,0.010040160642570184,0.2153846153846154,0.4133333333333334,0.0,1.0,0.0,0.0,0.0,1.0,0.0,0.0,1.0,0.0,1.0,0.0,1.0
0.20240480961923846,0.25,0.5357142857142857,0.9317269076305219,0.9384615384615386,0.6933333333333334,0.0,1.0,0.0,0.0,1.0,0.0,0.0,1.0,0.0,1.0,0.0,0.0,1.0
0.20440881763527052,0.75,0.6071428571428571,0.1405622489959839,0.5384615384615384,0.6266666666666667,0.0,1.0,1.0,0.0,0.0,0.0,0.0,0.0,1.0,0.0,1.0,0.0,1.0
0.2064128256513026,0.5,0.8928571428571428,0.5060240963855422,0.9538461538461539,0.6666666666666667,1.0,0.0,0.0,1.0,0.0,0.0,0.0,1.0,0.0,1.0,0.0,0.0,1.0
0.20841683366733466,1.0,0.5357142857142857,0.34337349397590344,0.6307692307692309,0.4000000000000001,1.0,0.0,0.0,0.0,0.0,0.0,1.0,1.0,0.0,1.0,0.0,0.0,1.0
0.21042084168336672,1.0,0.4285714285714286,0.23092369477911645,0.923076923076923,0.5866666666666667,0.0,1.0,0.0,0.0,0.0,1.0,0.0,0.0,1.0,1.0,0.0,0.0,1.0
0.2124248496993988,0.75,0.75,0.791164658634538,0.24615384615384617,0.6800000000000002,1.0,0.0,1.0,0.0,0.0,0.0,0.0,1.0,0.0,0.0,1.0,0.0,1.0
0.21442885771543085,0.0,0.9642857142857142,0.8453815261044175,0.27692307692307694,0.7733333333333334,1.0,0.0,0.0,1.0,0.0,0.0,0.0,1.0,0.0,0.0,1.0,0.0,1.0
0.21643286573146292,0.0,0.5357142857142857,0.7811244979919676,0.15384615384615385,0.46666666666666673,0.0,1.0,0.0,0.0,1.0,0.0,0.0,1.0,0.0,1.0,0.0,0.0,1.0
0.21843687374749496,0.5,0.7142857142857143,0.7168674698795181,0.46153846153846156,0.7333333333333334,1.0,0.0,0.0,0.0,0.0,1.0,0.0,0.0,1.0,0.0,1.0,0.0,1.0
0.22044088176352702,0.25,0.8214285714285714,0.08634538152610438,0.32307692307692315,0.6800000000000002,1.0,0.0,0.0,1.0,0.0,0.0,0.0,0.0,1.0,1.0,0.0,0.0,1.0
0.2224448897795591,0.0,0.03571428571428571,0.321285140562249,0.7230769230769231,0.22666666666666668,1.0,0.0,0.0,1.0,0.0,0.0,0.0,1.0,0.0,1.0,0.0,1.0,0.0
0.22444889779559116,0.25,0.5714285714285714,0.40963855421686723,0.15384615384615385,0.5333333333333334,0.0,1.0,1.0,0.0,0.0,0.0,0.0,0.0,1.0,0.0,1.0,0.0,1.0
0.22645290581162322,1.0,0.75,0.23694779116465847,0.9076923076923077,0.7333333333333334,1.0,0.0,0.0,0.0,0.0,0.0,1.0,0.0,1.0,0.0,1.0,0.0,1.0
0.2284569138276553,0.75,0.2857142857142857,0.6646586345381524,0.13846153846153852,0.34666666666666673,1.0,0.0,0.0,0.0,0.0,1.0,0.0,1.0,0.0,0.0,1.0,1.0,0.0
0.23046092184368736,1.0,0.3214285714285714,0.6365461847389557,0.5846153846153846,0.3333333333333334,1.0,0.0,0.0,0.0,0.0,1.0,0.0,1.0,0.0,1.0,0.0,1.0,0.0
0.23246492985971942,0.75,0.10714285714285712,0.2349397590361444,0.5692307692307693,0.053333333333333344,1.0,0.0,0.0,0.0,0.0,0.0,1.0,1.0,0.0,1.0,0.0,1.0,0.0
0.2344689378757515,0.5,0.0,0.5642570281124497,0.44615384615384623,0.2933333333333334,1.0,0.0,0.0,1.0,0.0,0.0,0.0,1.0,0.0,1.0,0.0,1.0,0.0
0.23647294589178355,0.25,0.7142857142857143,0.1867469879518071,0.07692307692307698,0.4133333333333334,1.0,0.0,0.0,0.0,1.0,0.0,0.0,0.0,1.0,0.0,1.0,0.0,1.0
0.23847695390781562,0.0,0.6428571428571428,0.3614457831325302,0.6307692307692309,0.6933333333333334,1.0,0.0,1.0,0.0,0.0,0.0,0.0,0.0,1.0,1.0,0.0,0.0,1.0
0.24048096192384769,0.25,0.21428571428571427,0.12851405622489942,0.32307692307692315,0.16000000000000003,1.0,0.0,0.0,0.0,0.0,0.0,1.0,1.0,0.0,1.0,0.0,1.0,0.0
0.24248496993987975,0.5,0.8214285714285714,0.8694779116465863,0.27692307692307694,0.8533333333333335,1.0,0.0,0.0,1.0,0.0,0.0,0.0,1.0,0.0,0.0,1.0,0.0,1.0
0.2444889779559118,0.75,0.9642857142857142,0.8032128514056225,0.015384615384615385,0.6533333333333333,0.0,1.0,0.0,0.0,1.0,0.0,0.0,0.0,1.0,1.0,0.0,0.0,1.0
0.24649298597194386,0.75,0.3928571428571428,0.6706827309236945,0.20000000000000007,0.52,0.0,1.0,0.0,0.0,1.0,0.0,0.0,1.0,0.0,1.0,0.0,0.0,1.0
0.24849699398797592,0.75,0.0,0.6184738955823292,0.12307692307692308,0.25333333333333335,0.0,1.0,0.0,0.0,0.0,0.0,1.0,1.0,0.0,0.0,1.0,1.0,0.0
0.250501002004008,0.5,0.7142857142857143,0.4056224899598393,0.5846153846153846,0.6266666666666667,1.0,0.0,1.0,0.0,0.0,0.0,0.0,0.0,1.0,0.0,1.0,0.0,1.0
0.25250501002004005,0.0,0.24999999999999997,0.8875502008032128,0.7230769230769231,0.5733333333333335,0.0,1.0,1.0,0.0,0.0,0.0,0.0,1.0,0.0,1.0,0.0,0.0,1.0
0.2545090180360721,1.0,0.8214285714285714,0.7248995983935742,0.7999999999999999,0.6933333333333334,1.0,0.0,0.0,0.0,0.0,1.0,0.0,0.0,1.0,1.0,0.0,0.0,1.0
0.2565130260521042,0.5,0.21428571428571427,0.4417670682730923,0.7230769230769231,0.4133333333333334,0.0,1.0,1.0,0.0,0.0,0.0,0.0,1.0,0.0,0.0,1.0,0.0,1.0
0.25851703406813625,0.0,0.4285714285714286,0.2730923694779115,0.41538461538461535,0.48000000000000004,1.0,0.0,0.0,1.0,0.0,0.0,0.0,1.0,0.0,0.0,1.0,0.0,1.0
0.2605210420841683,0.0,0.8928571428571428,0.3313253012048192,0.4,0.72,0.0,1.0,1.0,0.0,0.0,0.0,0.0,0.0,1.0,0.0,1.0,0.0,1.0
0.2625250501002004,0.25,0.3571428571428571,0.7730923694779115,0.27692307692307694,0.3066666666666667,0.0,1.0,0.0,0.0,0.0,0.0,1.0,0.0,1.0,1.0,0.0,1.0,0.0
0.26452905811623245,0.25,0.10714285714285712,0.6606425702811243,0.6923076923076924,0.49333333333333335,1.0,0.0,0.0,1.0,0.0,0.0,0.0,0.0,1.0,0.0,1.0,0.0,1.0
0.2665330661322645,1.0,0.3571428571428571,0.012048192771084265,0.8153846153846155,0.4000000000000001,0.0,1.0,0.0,0.0,1.0,0.0,0.0,0.0,1.0,0.0,1.0,0.0,1.0
0.2685370741482966,0.0,0.5357142857142857,0.4457831325301205,0.9846153846153848,0.5066666666666668,0.0,1.0,0.0,0.0,1.0,0.0,0.0,0.0,1.0,1.0,0.0,0.0,1.0
0.27054108216432865,1.0,0.3214285714285714,0.4558232931726909,0.7846153846153846,0.4266666666666667,0.0,1.0,0.0,1.0,0.0,0.0,0.0,0.0,1.0,1.0,0.0,0.0,1.0
0.2725450901803607,0.75,0.7857142857142857,0.9096385542168675,0.27692307692307694,0.5466666666666666,0.0,1.0,0.0,1.0,0.0,0.0,0.0,0.0,1.0,1.0,0.0,0.0,1.0
0.2745490981963928,0.5,0.6785714285714286,0.6325301204819276,0.5692307692307693,0.6400000000000001,0.0,1.0,0.0,0.0,0.0,0.0,1.0,1.0,0.0,1.0,0.0,0.0,1.0
0.27655310621242485,0.0,0.8928571428571428,0.7008032128514055,0.876923076923077,0.7333333333333334,1.0,0.0,0.0,0.0,0.0,0.0,1.0,0.0,1.0,1.0,0.0,0.0,1.0
0.2785571142284569,0.5,0.9285714285714286,0.4518072289156625,0.8307692307692308,0.7333333333333334,1.0,0.0,0.0,0.0,0.0,1.0,0.0,0.0,1.0,1.0,0.0,0.0,1.0
0.280561122244489,0.5,0.14285714285714285,0.684738955823293,0.15384615384615385,0.12000000000000005,1.0,0.0,0.0,0.0,0.0,1.0,0.0,0.0,1.0,0.0,1.0,1.0,0.0
0.282565130260521,0.0,0.8214285714285714,0.7369477911646587,0.23076923076923073,0.6666666666666667,1.0,0.0,1.0,0.0,0.0,0.0,0.0,0.0,1.0,1.0,0.0,0.0,1.0
0.28456913827655306,0.75,0.9642857142857142,0.9156626506024095,0.6923076923076924,0.7333333333333334,1.0,0.0,0.0,1.0,0.0,0.0,0.0,1.0,0.0,1.0,0.0,0.0,1.0
0.2865731462925851,0.25,0.75,0.4799196787148592,0.2153846153846154,0.72,0.0,1.0,0.0,1.0,0.0,0.0,0.0,1.0,0.0,1.0,0.0,0.0,1.0
0.2885771543086172,1.0,0.24999999999999997,0.8072289156626506,0.0461538461538461,0.22666666666666668,1.0,0.0,0.0,0.0,0.0,0.0,1.0,0.0,1.0,1.0,0.0,1.0,0.0
0.29058116232464926,0.5,0.3571428571428571,0.34939759036144546,0.12307692307692308,0.1866666666666667,1.0,0.0,1.0,0.0,0.0,0.0,0.0,0.0,1.0,1.0,0.0,1.0,0.0
0.2925851703406813,0.0,0.8214285714285714,0.5281124497991967,0.6615384615384615,0.6000000000000001,0.0,1.0,0.0,0.0,0.0,1.0,0.0,1.0,0.0,1.0,0.0,0.0,1.0
0.2945891783567134,0.5,0.8214285714285714,0.321285140562249,0.29230769230769227,0.49333333333333335,1.0,0.0,0.0,0.0,0.0,0.0,1.0,0.0,1.0,0.0,1.0,0.0,1.0
0.29659318637274545,0.0,0.2857142857142857,0.4417670682730923,0.8153846153846155,0.34666666666666673,0.0,1.0,0.0,0.0,0.0,1.0,0.0,1.0,0.0,1.0,0.0,1.0,0.0
0.2985971943887775,1.0,0.10714285714285712,0.34337349397590344,0.6,0.09333333333333338,0.0,1.0,0.0,1.0,0.0,0.0,0.0,1.0,0.0,1.0,0.0,1.0,0.0
0.3006012024048096,0.75,0.6785714285714286,0.050200803212851364,0.2615384615384616,0.6000000000000001,0.0,1.0,1.0,0.0,0.0,0.0,0.0,1.0,0.0,0.0,1.0,0.0,1.0
0.30260521042084165,0.5,0.3571428571428571,0.11646586345381515,0.24615384615384617,0.2800000000000001,1.0,0.0,0.0,0.0,0.0,1.0,0.0,1.0,0.0,0.0,1.0,1.0,0.0
0.3046092184368737,1.0,0.6071428571428571,0.8333333333333333,0.07692307692307698,0.5466666666666666,0.0,1.0,0.0,0.0,1.0,0.0,0.0,0.0,1.0,1.0,0.0,0.0,1.0
0.3066132264529058,0.75,0.07142857142857142,0.86144578313253,0.8153846153846155,0.32,0.0,1.0,0.0,0.0,0.0,0.0,1.0,1.0,0.0,1.0,0.0,1.0,0.0
0.30861723446893785,0.75,0.0,0.9658634538152608,0.16923076923076918,0.24000000000000005,0.0,1.0,1.0,0.0,0.0,0.0,0.0,1.0,0.0,1.0,0.0,1.0,0.0
0.3106212424849699,0.25,0.4642857142857143,0.5863453815261044,0.6,0.6400000000000001,0.0,1.0,0.0,0.0,0.0,0.0,1.0,0.0,1.0,1.0,0.0,0.0,1.0
0.312625250501002,0.25,0.3571428571428571,0.7791164658634537,0.6769230769230768,0.46666666666666673,1.0,0.0,0.0,1.0,0.0,0.0,0.0,0.0,1.0,0.0,1.0,0.0,1.0
0.31462925851703405,0.25,0.10714285714285712,0.14257028112449777,0.13846153846153852,0.026666666666666672,0.0,1.0,1.0,0.0,0.0,0.0,0.0,0.0,1.0,0.0,1.0,1.0,0.0
0.3166332665330661,0.75,0.8571428571428571,0.5622489959839356,0.6153846153846155,0.6000000000000001,1.0,0.0,0.0,0.0,0.0,0.0,1.0,1.0,0.0,1.0,0.0,0.0,1.0
0.3186372745490982,0.0,0.5357142857142857,0.439759036144578,0.6923076923076924,0.5733333333333335,1.0,0.0,0.0,0.0,1.0,0.0,0.0,1.0,0.0,0.0,1.0,0.0,1.0
0.32064128256513025,0.5,0.5,0.4497991967871484,0.13846153846153852,0.5066666666666668,0.0,1.0,0.0,1.0,0.0,0.0,0.0,1.0,0.0,1.0,0.0,0.0,1.0
0.3226452905811623,1.0,0.6785714285714286,0.5060240963855422,0.36923076923076925,0.52,0.0,1.0,0.0,0.0,0.0,1.0,0.0,0.0,1.0,1.0,0.0,0.0,1.0
0.3246492985971944,1.0,0.14285714285714285,0.9578313253012047,0.15384615384615385,0.36000000000000004,1.0,0.0,0.0,0.0,0.0,1.0,0.0,0.0,1.0,1.0,0.0,1.0,0.0
0.32665330661322645,0.0,0.24999999999999997,0.7068273092369477,0.7230769230769231,0.37333333333333335,0.0,1.0,0.0,0.0,0.0,1.0,0.0,0.0,1.0,1.0,0.0,1.0,0.0
0.3286573146292585,0.75,0.8571428571428571,0.33534136546184734,0.12307692307692308,0.5466666666666666,1.0,0.0,0.0,0.0,0.0,0.0,1.0,0.0,1.0,1.0,0.0,0.0,1.0
0.3306613226452906,1.0,0.75,0.3835341365461846,0.15384615384615385,0.6133333333333333,0.0,1.0,0.0,0.0,1.0,0.0,0.0,0.0,1.0,1.0,0.0,0.0,1.0
0.33266533066132264,0.5,0.3214285714285714,0.9678714859437751,0.6,0.5466666666666666,0.0,1.0,0.0,0.0,0.0,1.0,0.0,0.0,1.0,0.0,1.0,0.0,1.0
0.33466933867735466,0.5,0.9285714285714286,0.12449799196787126,1.0,0.7066666666666668,1.0,0.0,0.0,0.0,0.0,0.0,1.0,0.0,1.0,1.0,0.0,0.0,1.0
0.3366733466933867,0.5,0.3214285714285714,0.17670682730923692,0.36923076923076925,0.22666666666666668,0.0,1.0,1.0,0.0,0.0,0.0,0.0,1.0,0.0,1.0,0.0,1.0,0.0
0.3386773547094188,0.25,0.07142857142857142,0.2931726907630521,0.24615384615384617,0.24000000000000005,0.0,1.0,0.0,1.0,0.0,0.0,0.0,0.0,1.0,1.0,0.0,1.0,0.0
0.34068136272545085,0.25,0.17857142857142858,0.17670682730923692,0.07692307692307698,0.17333333333333334,1.0,0.0,0.0,0.0,0.0,0.0,1.0,0.0,1.0,1.0,0.0,1.0,0.0
0.3426853707414829,0.25,0.5,0.6084337349397588,0.6,0.6800000000000002,1.0,0.0,0.0,0.0,0.0,1.0,0.0,0.0,1.0,0.0,1.0,0.0,1.0
0.344689378757515,0.25,0.3928571428571428,0.6767068273092369,0.5538461538461538,0.6133333333333333,1.0,0.0,0.0,0.0,0.0,0.0,1.0,1.0,0.0,1.0,0.0,0.0,1.0
0.34669338677354705,1.0,0.5714285714285714,0.4156626506024097,0.49230769230769234,0.34666666666666673,1.0,0.0,1.0,0.0,0.0,0.0,0.0,0.0,1.0,0.0,1.0,1.0,0.0
0.3486973947895791,0.5,0.6071428571428571,0.933734939759036,0.15384615384615385,0.72,1.0,0.0,0.0,0.0,0.0,0.0,1.0,0.0,1.0,1.0,0.0,0.0,1.0
0.3507014028056112,0.5,0.5,0.9056224899598393,0.4307692307692308,0.5733333333333335,0.0,1.0,1.0,0.0,0.0,0.0,0.0,1.0,0.0,0.0,1.0,0.0,1.0
0.35270541082164325,0.0,0.4642857142857143,0.050200803212851364,0.7538461538461539,0.2800000000000001,1.0,0.0,0.0,0.0,0.0,0.0,1.0,1.0,0.0,0.0,1.0,1.0,0.0
0.3547094188376753,0.25,0.0,0.31526104417670675,0.2615384615384616,0.0,1.0,0.0,0.0,1.0,0.0,0.0,0.0,1.0,0.0,0.0,1.0,1.0,0.0
0.3567134268537074,0.75,0.7857142857142857,0.831325301204819,0.15384615384615385,0.48000000000000004,1.0,0.0,0.0,0.0,0.0,1.0,0.0,1.0,0.0,0.0,1.0,0.0,1.0
0.35871743486973945,0.25,0.9285714285714286,0.14658634538152593,0.5538461538461538,0.5866666666666667,1.0,0.0,0.0,0.0,0.0,0.0,1.0,1.0,0.0,0.0,1.0,0.0,1.0
0.3607214428857715,0.0,0.03571428571428571,0.2349397590361444,0.2153846153846154,0.14666666666666672,1.0,0.0,0.0,0.0,0.0,0.0,1.0,1.0,0.0,0.0,1.0,1.0,0.0
0.3627254509018036,1.0,0.6428571428571428,0.23895582329317255,0.0,0.5066666666666668,0.0,1.0,1.0,0.0,0.0,0.0,0.0,1.0,0.0,1.0,0.0,0.0,1.0
0.36472945891783565,0.25,0.6428571428571428,0.4136546184738954,0.9846153846153848,0.8,1.0,0.0,0.0,1.0,0.0,0.0,0.0,1.0,0.0,0.0,1.0,0.0,1.0
0.3667334669338677,0.75,0.9642857142857142,0.4678714859437749,0.03076923076923077,0.6266666666666667,0.0,1.0,0.0,0.0,0.0,1.0,0.0,1.0,0.0,1.0,0.0,0.0,1.0
0.3687374749498998,0.5,0.24999999999999997,0.7309236947791162,0.07692307692307698,0.2933333333333334,0.0,1.0,0.0,1.0,0.0,0.0,0.0,1.0,0.0,0.0,1.0,1.0,0.0
0.37074148296593185,0.25,0.9285714285714286,0.7791164658634537,0.2615384615384616,0.6000000000000001,1.0,0.0,0.0,0.0,0.0,1.0,0.0,1.0,0.0,0.0,1.0,0.0,1.0
0.3727454909819639,0.0,0.3214285714285714,0.1987951807228916,0.6,0.38666666666666666,1.0,0.0,1.0,0.0,0.0,0.0,0.0,0.0,1.0,1.0,0.0,1.0,0.0
0.374749498997996,1.0,0.5357142857142857,0.25100401606425704,0.09230769230769231,0.48000000000000004,1.0,0.0,1.0,0.0,0.0,0.0,0.0,1.0,0.0,1.0,0.0,0.0,1.0
0.37675350701402804,0.5,0.10714285714285712,0.7991967871485943,0.7538461538461539,0.3333333333333334,1.0,0.0,0.0,0.0,0.0,1.0,0.0,1.0,0.0,1.0,0.0,1.0,0.0
0.3787575150300601,0.75,0.7857142857142857,0.49598393574297184,0.8307692307692308,0.56,0.0,1.0,0.0,0.0,0.0,0.0,1.0,1.0,0.0,0.0,1.0,0.0,1.0
0.3807615230460922,1.0,0.9285714285714286,0.17670682730923692,0.15384615384615385,0.56,1.0,0.0,0.0,0.0,1.0,0.0,0.0,1.0,0.0,0.0,1.0,0.0,1.0
0.38276553106212424,0.5,0.5,0.6004016064257025,0.6769230769230768,0.5466666666666666,1.0,0.0,0.0,0.0,0.0,1.0,0.0,0.0,1.0,1.0,0.0,0.0,1.0
0.38476953907815625,0.5,0.6785714285714286,0.9979919678714859,0.7846153846153846,0.7066666666666668,0.0,1.0,0.0,0.0,1.0,0.0,0.0,0.0,1.0,0.0,1.0,0.0,1.0
0.3867735470941883,0.0,0.14285714285714285,0.8473895582329318,0.12307692307692308,0.21333333333333337,0.0,1.0,0.0,0.0,0.0,1.0,0.0,0.0,1.0,0.0,1.0,1.0,0.0
0.3887775551102204,0.5,0.4285714285714286,0.9497991967871484,0.7230769230769231,0.5466666666666666,1.0,0.0,0.0,1.0,0.0,0.0,0.0,0.0,1.0,1.0,0.0,0.0,1.0
0.39078156312625245,0.0,0.6428571428571428,0.13453815261044166,0.5384615384615384,0.4266666666666667,1.0,0.0,0.0,0.0,1.0,0.0,0.0,1.0,0.0,1.0,0.0,0.0,1.0
0.3927855711422845,0.0,0.8214285714285714,0.18273092369477895,0.5076923076923078,0.7466666666666668,0.0,1.0,0.0,0.0,0.0,0.0,1.0,1.0,0.0,0.0,1.0,0.0,1.0
0.3947895791583166,0.75,0.21428571428571427,0.9959839357429718,0.23076923076923073,0.25333333333333335,1.0,0.0,0.0,0.0,1.0,0.0,0.0,1.0,0.0,0.0,1.0,1.0,0.0
0.39679358717434865,0.75,0.17857142857142858,0.8975903614457832,0.6769230769230768,0.5333333333333334,0.0,1.0,0.0,0.0,0.0,1.0,0.0,0.0,1.0,1.0,0.0,0.0,1.0
0.3987975951903807,1.0,0.6071428571428571,0.28714859437750984,0.7076923076923077,0.5866666666666667,0.0,1.0,0.0,0.0,1.0,0.0,0.0,0.0,1.0,0.0,1.0,0.0,1.0
0.4008016032064128,0.0,0.21428571428571427,0.791164658634538,0.7076923076923077,0.48000000000000004,0.0,1.0,1.0,0.0,0.0,0.0,0.0,1.0,0.0,0.0,1.0,0.0,1.0
0.40280561122244485,0.75,0.8928571428571428,0.9839357429718876,0.6,0.8133333333333335,1.0,0.0,1.0,0.0,0.0,0.0,0.0,0.0,1.0,0.0,1.0,0.0,1.0
0.4048096192384769,1.0,0.4642857142857143,0.7690763052208833,0.6153846153846155,0.6400000000000001,1.0,0.0,0.0,0.0,0.0,0.0,1.0,0.0,1.0,0.0,1.0,0.0,1.0
0.406813627254509,0.75,0.5,0.678714859437751,0.24615384615384617,0.48000000000000004,0.0,1.0,0.0,0.0,1.0,0.0,0.0,0.0,1.0,0.0,1.0,0.0,1.0
0.40881763527054105,0.0,0.5714285714285714,0.1506024096385541,0.4307692307692308,0.4133333333333334,0.0,1.0,1.0,0.0,0.0,0.0,0.0,0.0,1.0,1.0,0.0,0.0,1.0
0.4108216432865731,0.0,0.2857142857142857,0.19277108433734913,0.5846153846153846,0.4000000000000001,1.0,0.0,0.0,0.0,0.0,0.0,1.0,1.0,0.0,0.0,1.0,0.0,1.0
0.4128256513026052,1.0,0.7142857142857143,0.16465863453815244,0.6615384615384615,0.6400000000000001,0.0,1.0,0.0,0.0,0.0,0.0,1.0,0.0,1.0,0.0,1.0,0.0,1.0
0.41482965931863724,0.0,0.07142857142857142,0.04216867469879504,0.8153846153846155,0.2933333333333334,0.0,1.0,0.0,0.0,0.0,0.0,1.0,1.0,0.0,0.0,1.0,1.0,0.0
0.4168336673346693,0.75,1.0,0.6265060240963856,0.4769230769230769,0.9466666666666668,0.0,1.0,0.0,0.0,1.0,0.0,0.0,1.0,0.0,1.0,0.0,0.0,1.0
0.4188376753507014,0.5,0.5,0.06827309236947787,0.8153846153846155,0.48000000000000004,1.0,0.0,0.0,1.0,0.0,0.0,0.0,0.0,1.0,1.0,0.0,0.0,1.0
0.42084168336673344,0.25,0.3571428571428571,0.6044176706827307,0.7846153846153846,0.36000000000000004,1.0,0.0,0.0,0.0,1.0,0.0,0.0,1.0,0.0,1.0,0.0,1.0,0.0
0.4228456913827655,1.0,0.6071428571428571,0.10240963855421681,0.5230769230769231,0.48000000000000004,1.0,0.0,1.0,0.0,0.0,0.0,0.0,1.0,0.0,0.0,1.0,0.0,1.0
0.4248496993987976,0.25,0.10714285714285712,0.0461847389558232,0.3076923076923077,0.10666666666666669,0.0,1.0,0.0,0.0,0.0,1.0,0.0,1.0,0.0,0.0,1.0,1.0,0.0
0.42685370741482964,0.25,0.8571428571428571,0.15662650602409633,0.6,0.6666666666666667,1.0,0.0,0.0,0.0,0.0,0.0,1.0,1.0,0.0,1.0,0.0,0.0,1.0
0.4288577154308617,0.0,0.4285714285714286,0.5040160642570279,0.09230769230769231,0.21333333333333337,0.0,1.0,1.0,0.0,0.0,0.0,0.0,0.0,1.0,1.0,0.0,1.0,0.0
0.4308617234468938,0.75,0.6785714285714286,0.8815261044176705,0.20000000000000007,0.6133333333333333,1.0,0.0,0.0,0.0,0.0,1.0,0.0,1.0,0.0,0.0,1.0,0.0,1.0
0.43286573146292584,0.5,0.8214285714285714,0.36345381526104403,0.7846153846153846,0.5333333333333334,0.0,1.0,0.0,0.0,0.0,1.0,0.0,1.0,0.0,0.0,1.0,0.0,1.0
0.4348697394789579,0.5,0.6071428571428571,0.285140562248996,0.23076923076923073,0.3333333333333334,0.0,1.0,0.0,0.0,0.0,1.0,0.0,1.0,0.0,1.0,0.0,1.0,0.0
0.4368737474949899,0.75,0.3928571428571428,0.7931726907630521,0.3846153846153847,0.5466666666666666,0.0,1.0,0.0,0.0,1.0,0.0,0.0,1.0,0.0,0.0,1.0,0.0,1.0
0.438877755511022,1.0,0.03571428571428571,0.04216867469879504,0.8923076923076924,0.08000000000000002,1.0,0.0,1.0,0.0,0.0,0.0,0.0,1.0,0.0,1.0,0.0,1.0,0.0
0.44088176352705405,0.5,0.6785714285714286,0.31526104417670675,0.9846153846153848,0.6800000000000002,0.0,1.0,0.0,0.0,0.0,1.0,0.0,1.0,0.0,1.0,0.0,0.0,1.0
0.4428857715430861,1.0,0.3214285714285714,0.4718875502008031,0.2153846153846154,0.3333333333333334,1.0,0.0,0.0,1.0,0.0,0.0,0.0,1.0,0.0,1.0,0.0,1.0,0.0
0.4448897795591182,0.0,0.6785714285714286,0.4718875502008031,0.9384615384615386,0.5466666666666666,1.0,0.0,0.0,0.0,0.0,0.0,1.0,0.0,1.0,0.0,1.0,0.0,1.0
0.44689378757515025,0.25,0.9285714285714286,0.678714859437751,0.03076923076923077,0.6933333333333334,1.0,0.0,0.0,1.0,0.0,0.0,0.0,0.0,1.0,0.0,1.0,0.0,1.0
0.4488977955911823,0.75,0.14285714285714285,0.40963855421686723,0.10769230769230764,0.32,1.0,0.0,1.0,0.0,0.0,0.0,0.0,1.0,0.0,1.0,0.0,1.0,0.0
0.4509018036072144,1.0,0.21428571428571427,0.5582329317269075,0.3384615384615385,0.32,0.0,1.0,0.0,0.0,0.0,1.0,0.0,1.0,0.0,1.0,0.0,1.0,0.0
0.45290581162324645,1.0,0.3928571428571428,0.6746987951807226,0.4769230769230769,0.38666666666666666,1.0,0.0,0.0,0.0,1.0,0.0,0.0,1.0,0.0,0.0,1.0,1.0,0.0
0.4549098196392785,0.25,0.3214285714285714,0.7710843373493974,0.9384615384615386,0.49333333333333335,1.0,0.0,1.0,0.0,0.0,0.0,0.0,1.0,0.0,1.0,0.0,0.0,1.0
0.4569138276553106,0.5,0.10714285714285712,0.572289156626506,0.6769230769230768,0.4533333333333334,1.0,0.0,0.0,0.0,0.0,0.0,1.0,1.0,0.0,1.0,0.0,0.0,1.0
0.45891783567134264,0.5,0.03571428571428571,0.285140562248996,0.49230769230769234,0.32,0.0,1.0,0.0,1.0,0.0,0.0,0.0,1.0,0.0,1.0,0.0,1.0,0.0
0.4609218436873747,0.25,0.21428571428571427,0.8273092369477912,0.20000000000000007,0.4266666666666667,1.0,0.0,0.0,0.0,1.0,0.0,0.0,1.0,0.0,0.0,1.0,0.0,1.0
0.4629258517034068,0.25,0.03571428571428571,0.6686746987951806,0.09230769230769231,0.053333333333333344,0.0,1.0,0.0,0.0,0.0,0.0,1.0,0.0,1.0,0.0,1.0,1.0,0.0
0.46492985971943884,0.5,0.7857142857142857,0.469879518072289,0.7999999999999999,0.7866666666666668,1.0,0.0,1.0,0.0,0.0,0.0,0.0,0.0,1.0,0.0,1.0,0.0,1.0
0.4669338677354709,0.75,0.7142857142857143,0.1967871485943773,0.10769230769230764,0.6266666666666667,1.0,0.0,0.0,0.0,1.0,0.0,0.0,1.0,0.0,1.0,0.0,0.0,1.0
0.468937875751503,1.0,0.24999999999999997,0.5341365461847387,0.3384615384615385,0.16000000000000003,0.0,1.0,0.0,1.0,0.0,0.0,0.0,0.0,1.0,1.0,0.0,1.0,0.0
0.47094188376753504,0.75,0.17857142857142858,0.9357429718875501,0.5846153846153846,0.48000000000000004,1.0,0.0,0.0,0.0,1.0,0.0,0.0,0.0,1.0,0.0,1.0,0.0,1.0
0.4729458917835671,0.5,0.3214285714285714,0.4518072289156625,0.9846153846153848,0.48000000000000004,0.0,1.0,0.0,0.0,0.0,0.0,1.0,1.0,0.0,0.0,1.0,0.0,1.0
0.4749498997995992,0.25,0.8928571428571428,0.10843373493975905,0.3538461538461538,0.4266666666666667,1.0,0.0,1.0,0.0,0.0,0.0,0.0,1.0,0.0,1.0,0.0,0.0,1.0
0.47695390781563124,0.5,0.6428571428571428,0.6726907630522088,0.8307692307692308,0.6933333333333334,1.0,0.0,1.0,0.0,0.0,0.0,0.0,0.0,1.0,1.0,0.0,0.0,1.0
0.4789579158316633,0.0,0.4285714285714286,0.6686746987951806,0.6307692307692309,0.4266666666666667,1.0,0.0,1.0,0.0,0.0,0.0,0.0,0.0,1.0,1.0,0.0,0.0,1.0
0.48096192384769537,0.5,0.4285714285714286,0.2329317269076303,0.015384615384615385,0.24000000000000005,0.0,1.0,0.0,0.0,1.0,0.0,0.0,1.0,0.0,1.0,0.0,1.0,0.0
0.48296593186372744,0.25,0.03571428571428571,0.6666666666666667,0.7846153846153846,0.4133333333333334,1.0,0.0,0.0,0.0,0.0,1.0,0.0,1.0,0.0,0.0,1.0,0.0,1.0
0.4849699398797595,0.0,0.7142857142857143,0.9156626506024095,0.4307692307692308,0.56,1.0,0.0,0.0,0.0,1.0,0.0,0.0,1.0,0.0,0.0,1.0,0.0,1.0
0.48697394789579157,0.25,0.5,0.7469879518072289,0.923076923076923,0.7600000000000002,1.0,0.0,0.0,0.0,0.0,0.0,1.0,1.0,0.0,1.0,0.0,0.0,1.0
0.4889779559118236,0.25,0.75,0.7530120481927711,0.13846153846153852,0.6800000000000002,0.0,1.0,0.0,1.0,0.0,0.0,0.0,1.0,0.0,1.0,0.0,0.0,1.0
0.49098196392785565,0.0,0.9285714285714286,0.5461847389558232,0.32307692307692315,0.6666666666666667,0.0,1.0,0.0,0.0,0.0,0.0,1.0,0.0,1.0,0.0,1.0,0.0,1.0
0.4929859719438877,0.0,0.75,0.20281124497991954,1.0,0.6666666666666667,1.0,0.0,0.0,0.0,0.0,0.0,1.0,1.0,0.0,0.0,1.0,0.0,1.0
0.4949899799599198,0.75,0.14285714285714285,0.5120481927710843,0.6,0.44,0.0,1.0,0.0,0.0,0.0,1.0,0.0,0.0,1.0,1.0,0.0,0.0,1.0
0.49699398797595185,0.75,0.2857142857142857,0.8152610441767068,0.8307692307692308,0.46666666666666673,0.0,1.0,1.0,0.0,0.0,0.0,0.0,0.0,1.0,0.0,1.0,0.0,1.0
0.4989979959919839,1.0,0.03571428571428571,0.933734939759036,0.5538461538461538,0.32,0.0,1.0,0.0,1.0,0.0,0.0,0.0,1.0,0.0,0.0,1.0,1.0,0.0
0.501002004008016,0.25,0.8571428571428571,0.6405622489959837,0.876923076923077,0.7733333333333334,0.0,1.0,0.0,0.0,0.0,1.0,0.0,1.0,0.0,1.0,0.0,0.0,1.0
0.503006012024048,0.0,0.75,0.963855421686747,0.23076923076923073,0.56,1.0,0.0,0.0,0.0,0.0,0.0,1.0,0.0,1.0,1.0,0.0,0.0,1.0
0.5050100200400801,1.0,0.14285714285714285,0.7269076305220883,0.5846153846153846,0.36000000000000004,1.0,0.0,1.0,0.0,0.0,0.0,0.0,0.0,1.0,0.0,1.0,1.0,0.0
0.5070140280561122,1.0,0.4285714285714286,0.8232931726907631,0.29230769230769227,0.4133333333333334,1.0,0.0,1.0,0.0,0.0,0.0,0.0,1.0,0.0,1.0,0.0,0.0,1.0
0.5090180360721442,0.0,0.03571428571428571,0.8092369477911645,0.4,0.12000000000000005,0.0,1.0,0.0,0.0,0.0,1.0,0.0,0.0,1.0,0.0,1.0,1.0,0.0
0.5110220440881763,1.0,0.03571428571428571,0.44377510040160617,0.7846153846153846,0.2800000000000001,0.0,1.0,0.0,1.0,0.0,0.0,0.0,0.0,1.0,0.0,1.0,1.0,0.0
0.5130260521042084,1.0,0.21428571428571427,0.7530120481927711,0.44615384615384623,0.5066666666666668,0.0,1.0,0.0,1.0,0.0,0.0,0.0,0.0,1.0,1.0,0.0,0.0,1.0
0.5150300601202404,1.0,0.6785714285714286,0.7710843373493974,0.27692307692307694,0.7066666666666668,1.0,0.0,0.0,0.0,1.0,0.0,0.0,0.0,1.0,1.0,0.0,0.0,1.0
0.5170340681362725,0.75,0.3214285714285714,0.2730923694779115,0.9692307692307692,0.26666666666666666,0.0,1.0,0.0,0.0,0.0,0.0,1.0,0.0,1.0,1.0,0.0,1.0,0.0
0.5190380761523046,0.75,0.8928571428571428,0.5220883534136547,0.5846153846153846,0.7066666666666668,1.0,0.0,0.0,0.0,0.0,1.0,0.0,1.0,0.0,0.0,1.0,0.0,1.0
0.5210420841683366,1.0,0.5357142857142857,0.23694779116465847,0.9076923076923077,0.36000000000000004,0.0,1.0,1.0,0.0,0.0,0.0,0.0,1.0,0.0,0.0,1.0,1.0,0.0
0.5230460921843687,0.75,0.6071428571428571,0.5281124497991967,0.4,0.49333333333333335,1.0,0.0,0.0,0.0,0.0,1.0,0.0,0.0,1.0,1.0,0.0,0.0,1.0
0.5250501002004008,0.75,0.9642857142857142,0.36947791164658605,0.5230769230769231,0.7066666666666668,0.0,1.0,0.0,0.0,0.0,0.0,1.0,0.0,1.0,0.0,1.0,0.0,1.0
0.5270541082164328,0.0,0.21428571428571427,0.8032128514056225,0.4,0.3333333333333334,0.0,1.0,0.0,0.0,0.0,0.0,1.0,0.0,1.0,1.0,0.0,1.0,0.0
0.5290581162324649,0.0,0.21428571428571427,0.9377510040160644,0.4,0.38666666666666666,1.0,0.0,0.0,1.0,0.0,0.0,0.0,1.0,0.0,0.0,1.0,1.0,0.0
0.531062124248497,1.0,0.3571428571428571,0.7751004016064256,0.6,0.4133333333333334,0.0,1.0,0.0,0.0,0.0,1.0,0.0,1.0,0.0,1.0,0.0,0.0,1.0
0.533066132264529,1.0,1.0,0.49598393574297184,0.4,0.72,1.0,0.0,0.0,1.0,0.0,0.0,0.0,1.0,0.0,1.0,0.0,0.0,1.0
0.5350701402805611,0.75,0.03571428571428571,0.5602409638554215,0.5076923076923078,0.2933333333333334,1.0,0.0,1.0,0.0,0.0,0.0,0.0,0.0,1.0,0.0,1.0,1.0,0.0
0.5370741482965932,0.5,0.14285714285714285,0.19277108433734913,0.9692307692307692,0.36000000000000004,1.0,0.0,1.0,0.0,0.0,0.0,0.0,1.0,0.0,0.0,1.0,1.0,0.0
0.5390781563126252,0.5,0.8571428571428571,0.8212851405622488,0.6923076923076924,0.6800000000000002,1.0,0.0,0.0,0.0,0.0,1.0,0.0,1.0,0.0,0.0,1.0,0.0,1.0
0.5410821643286573,1.0,0.5357142857142857,0.1807228915662651,0.13846153846153852,0.49333333333333335,0.0,1.0,0.0,0.0,0.0,0.0,1.0,0.0,1.0,0.0,1.0,0.0,1.0
0.5430861723446894,0.0,0.4642857142857143,0.13453815261044166,0.015384615384615385,0.21333333333333337,0.0,1.0,1.0,0.0,0.0,0.0,0.0,0.0,1.0,0.0,1.0,1.0,0.0
0.5450901803607214,0.5,0.03571428571428571,0.6164658634538154,0.03076923076923077,0.0,1.0,0.0,0.0,0.0,0.0,0.0,1.0,1.0,0.0,1.0,0.0,1.0,0.0
0.5470941883767535,0.0,0.0,0.5281124497991967,0.9846153846153848,0.4133333333333334,1.0,0.0,0.0,0.0,1.0,0.0,0.0,1.0,0.0,0.0,1.0,0.0,1.0
0.5490981963927856,0.25,0.10714285714285712,0.9176706827309238,0.36923076923076925,0.4133333333333334,1.0,0.0,0.0,0.0,0.0,0.0,1.0,0.0,1.0,0.0,1.0,0.0,1.0
0.5511022044088176,0.5,0.2857142857142857,0.7931726907630521,0.8923076923076924,0.56,1.0,0.0,0.0,1.0,0.0,0.0,0.0,1.0,0.0,1.0,0.0,0.0,1.0
0.5531062124248497,0.25,0.3214285714285714,0.6827309236947792,0.7846153846153846,0.4533333333333334,0.0,1.0,0.0,1.0,0.0,0.0,0.0,0.0,1.0,0.0,1.0,0.0,1.0
0.5551102204408818,1.0,0.5357142857142857,0.05220883534136522,0.9692307692307692,0.49333333333333335,1.0,0.0,0.0,1.0,0.0,0.0,0.0,0.0,1.0,0.0,1.0,0.0,1.0
0.5571142284569138,1.0,0.9642857142857142,0.9738955823293172,0.41538461538461535,0.9466666666666668,1.0,0.0,0.0,0.0,0.0,0.0,1.0,0.0,1.0,0.0,1.0,0.0,1.0
0.5591182364729459,0.5,0.03571428571428571,0.9236947791164658,0.6153846153846155,0.16000000000000003,1.0,0.0,0.0,0.0,1.0,0.0,0.0,0.0,1.0,0.0,1.0,1.0,0.0
0.561122244488978,1.0,0.14285714285714285,0.7510040160642568,0.3076923076923077,0.37333333333333335,0.0,1.0,0.0,0.0,0.0,1.0,0.0,0.0,1.0,1.0,0.0,1.0,0.0
0.56312625250501,1.0,0.9285714285714286,0.8493975903614457,0.2615384615384616,0.9200000000000002,0.0,1.0,0.0,0.0,0.0,0.0,1.0,1.0,0.0,1.0,0.0,0.0,1.0
0.565130260521042,1.0,0.8214285714285714,0.9738955823293172,0.44615384615384623,0.6000000000000001,0.0,1.0,0.0,1.0,0.0,0.0,0.0,0.0,1.0,1.0,0.0,0.0,1.0
0.567134268537074,1.0,0.8571428571428571,0.612449799196787,0.0461538461538461,0.72,1.0,0.0,0.0,0.0,0.0,0.0,1.0,1.0,0.0,1.0,0.0,0.0,1.0
0.5691382765531061,0.75,0.5357142857142857,0.2248995983935742,0.3538461538461538,0.5333333333333334,1.0,0.0,0.0,0.0,0.0,0.0,1.0,1.0,0.0,1.0,0.0,0.0,1.0
0.5711422845691382,0.0,0.8571428571428571,0.6164658634538154,0.5230769230769231,0.6000000000000001,1.0,0.0,1.0,0.0,0.0,0.0,0.0,0.0,1.0,0.0,1.0,0.0,1.0
0.5731462925851702,0.25,0.8214285714285714,0.3875502008032128,0.0,0.5066666666666668,1.0,0.0,0.0,0.0,1.0,0.0,0.0,0.0,1.0,0.0,1.0,0.0,1.0
0.5751503006012023,0.5,0.8571428571428571,0.26706827309236947,0.8461538461538461,0.72,1.0,0.0,1.0,0.0,0.0,0.0,0.0,0.0,1.0,0.0,1.0,0.0,1.0
0.5771543086172344,0.0,0.0,0.08634538152610438,0.7538461538461539,0.0,1.0,0.0,0.0,0.0,0.0,0.0,1.0,0.0,1.0,1.0,0.0,1.0,0.0
0.5791583166332664,0.75,0.4285714285714286,0.7791164658634537,0.7384615384615386,0.44,1.0,0.0,0.0,0.0,0.0,0.0,1.0,0.0,1.0,0.0,1.0,0.0,1.0
0.5811623246492985,0.5,0.3214285714285714,0.2650602409638554,0.8461538461538461,0.3333333333333334,0.0,1.0,1.0,0.0,0.0,0.0,0.0,0.0,1.0,0.0,1.0,1.0,0.0
0.5831663326653306,0.5,0.5357142857142857,0.7811244979919676,0.9692307692307692,0.72,1.0,0.0,0.0,0.0,1.0,0.0,0.0,1.0,0.0,0.0,1.0,0.0,1.0
0.5851703406813626,0.75,0.10714285714285712,0.13253012048192758,0.7384615384615386,0.4000000000000001,0.0,1.0,0.0,1.0,0.0,0.0,0.0,1.0,0.0,1.0,0.0,0.0,1.0
0.5871743486973947,0.75,0.3571428571428571,0.42771084337349397,0.6307692307692309,0.49333333333333335,1.0,0.0,0.0,0.0,0.0,0.0,1.0,0.0,1.0,1.0,0.0,0.0,1.0
0.5891783567134268,0.75,0.3571428571428571,0.17469879518072284,0.9538461538461539,0.49333333333333335,0.0,1.0,0.0,0.0,0.0,1.0,0.0,1.0,0.0,1.0,0.0,0.0,1.0
0.5911823647294588,0.5,0.4285714285714286,0.27710843373493965,0.3846153846153847,0.4533333333333334,0.0,1.0,0.0,0.0,0.0,1.0,0.0,1.0,0.0,0.0,1.0,0.0,1.0
0.5931863727454909,1.0,0.0,0.9538152610441766,0.5692307692307693,0.4266666666666667,0.0,1.0,0.0,0.0,0.0,1.0,0.0,0.0,1.0,1.0,0.0,0.0,1.0
0.595190380761523,0.75,0.75,0.4979919678714859,0.29230769230769227,0.7066666666666668,0.0,1.0,0.0,0.0,1.0,0.0,0.0,0.0,1.0,1.0,0.0,0.0,1.0
0.597194388777555,0.75,0.07142857142857142,0.44779116465863433,0.9846153846153848,0.44,1.0,0.0,0.0,0.0,0.0,0.0,1.0,1.0,0.0,1.0,0.0,0.0,1.0
0.5991983967935871,1.0,0.03571428571428571,0.7891566265060239,0.4769230769230769,0.38666666666666666,1.0,0.0,0.0,0.0,1.0,0.0,0.0,0.0,1.0,0.0,1.0,1.0,0.0
0.6012024048096192,0.25,0.7142857142857143,0.6104417670682729,0.8461538461538461,0.56,1.0,0.0,0.0,0.0,0.0,0.0,1.0,1.0,0.0,1.0,0.0,0.0,1.0
0.6032064128256512,0.0,0.2857142857142857,0.21887550200803196,0.7230769230769231,0.3333333333333334,0.0,1.0,0.0,0.0,0.0,0.0,1.0,0.0,1.0,1.0,0.0,1.0,0.0
0.6052104208416833,1.0,0.7857142857142857,0.4979919678714859,0.20000000000000007,0.5466666666666666,1.0,0.0,0.0,0.0,1.0,0.0,0.0,0.0,1.0,1.0,0.0,0.0,1.0
0.6072144288577154,0.0,0.10714285714285712,0.831325301204819,0.6615384615384615,0.37333333333333335,1.0,0.0,1.0,0.0,0.0,0.0,0.0,1.0,0.0,1.0,0.0,1.0,0.0
0.6092184368737474,1.0,0.5357142857142857,0.34538152610441775,0.6153846153846155,0.34666666666666673,0.0,1.0,0.0,1.0,0.0,0.0,0.0,1.0,0.0,1.0,0.0,1.0,0.0
0.6112224448897795,0.0,0.8928571428571428,0.7088353413654618,0.32307692307692315,0.8533333333333335,1.0,0.0,0.0,1.0,0.0,0.0,0.0,1.0,0.0,0.0,1.0,0.0,1.0
0.6132264529058116,1.0,0.17857142857142858,0.5502008032128511,0.44615384615384623,0.46666666666666673,0.0,1.0,0.0,0.0,1.0,0.0,0.0,1.0,0.0,1.0,0.0,0.0,1.0
0.6152304609218436,0.25,0.17857142857142858,0.6385542168674698,0.3846153846153847,0.3333333333333334,1.0,0.0,0.0,0.0,0.0,1.0,0.0,1.0,0.0,0.0,1.0,1.0,0.0
0.6172344689378757,0.75,0.0,0.7028112449799195,0.20000000000000007,0.36000000000000004,1.0,0.0,1.0,0.0,0.0,0.0,0.0,1.0,0.0,0.0,1.0,1.0,0.0
0.6192384769539078,0.5,0.3571428571428571,0.1947791164658632,0.6153846153846155,0.44,0.0,1.0,0.0,1.0,0.0,0.0,0.0,1.0,0.0,1.0,0.0,0.0,1.0
0.6212424849699398,1.0,0.4285714285714286,0.5863453815261044,0.3384615384615385,0.5466666666666666,1.0,0.0,0.0,0.0,1.0,0.0,0.0,1.0,0.0,1.0,0.0,0.0,1.0
0.6232464929859719,1.0,0.6428571428571428,0.08032128514056214,0.46153846153846156,0.4266666666666667,1.0,0.0,1.0,0.0,0.0,0.0,0.0,1.0,0.0,0.0,1.0,0.0,1.0
0.625250501002004,0.25,0.3928571428571428,0.6927710843373494,0.2615384615384616,0.49333333333333335,0.0,1.0,0.0,0.0,0.0,0.0,1.0,1.0,0.0,1.0,0.0,0.0,1.0
0.627254509018036,0.75,0.17857142857142858,0.48393574297188735,0.9538461538461539,0.3333333333333334,1.0,0.0,0.0,0.0,0.0,0.0,1.0,0.0,1.0,0.0,1.0,1.0,0.0
0.6292585170340681,0.25,0.3571428571428571,0.8413654618473894,0.015384615384615385,0.4133333333333334,0.0,1.0,0.0,0.0,0.0,0.0,1.0,0.0,1.0,1.0,0.0,0.0,1.0
0.6312625250501002,0.25,0.9285714285714286,0.38152610441767054,0.9538461538461539,0.7866666666666668,0.0,1.0,0.0,0.0,0.0,0.0,1.0,1.0,0.0,1.0,0.0,0.0,1.0
0.6332665330661322,0.75,0.17857142857142858,0.07831325301204806,0.06153846153846154,0.08000000000000002,1.0,0.0,0.0,1.0,0.0,0.0,0.0,0.0,1.0,1.0,0.0,1.0,0.0
0.6352705410821643,1.0,0.3214285714285714,0.16465863453815244,0.2153846153846154,0.2,0.0,1.0,0.0,0.0,0.0,1.0,0.0,1.0,0.0,0.0,1.0,1.0,0.0
0.6372745490981964,1.0,0.9285714285714286,0.755020080321285,0.20000000000000007,0.8533333333333335,1.0,0.0,0.0,0.0,0.0,1.0,0.0,0.0,1.0,1.0,0.0,0.0,1.0
0.6392785571142284,0.5,0.9642857142857142,1.0,0.16923076923076918,0.8,0.0,1.0,0.0,0.0,0.0,1.0,0.0,1.0,0.0,1.0,0.0,0.0,1.0
0.6412825651302605,0.25,0.21428571428571427,0.8092369477911645,0.32307692307692315,0.44,0.0,1.0,0.0,0.0,0.0,0.0,1.0,1.0,0.0,1.0,0.0,0.0,1.0
0.6432865731462926,0.25,0.9285714285714286,0.20281124497991954,0.32307692307692315,0.6000000000000001,0.0,1.0,0.0,1.0,0.0,0.0,0.0,1.0,0.0,1.0,0.0,0.0,1.0
0.6452905811623246,0.5,0.6428571428571428,0.2650602409638554,0.7999999999999999,0.4133333333333334,1.0,0.0,0.0,0.0,0.0,0.0,1.0,0.0,1.0,0.0,1.0,0.0,1.0
0.6472945891783567,0.25,0.7857142857142857,0.8654618473895581,0.4769230769230769,0.8666666666666667,1.0,0.0,1.0,0.0,0.0,0.0,0.0,0.0,1.0,1.0,0.0,0.0,1.0
0.6492985971943888,0.75,0.14285714285714285,0.5763052208835342,0.876923076923077,0.22666666666666668,1.0,0.0,0.0,0.0,1.0,0.0,0.0,1.0,0.0,1.0,0.0,1.0,0.0
0.6513026052104208,0.75,0.5714285714285714,0.748995983935743,0.6307692307692309,0.6666666666666667,0.0,1.0,0.0,0.0,1.0,0.0,0.0,1.0,0.0,1.0,0.0,0.0,1.0
0.6533066132264529,0.0,0.8214285714285714,0.9718875502008031,0.41538461538461535,0.7466666666666668,0.0,1.0,0.0,0.0,1.0,0.0,0.0,0.0,1.0,1.0,0.0,0.0,1.0
0.655310621242485,0.75,0.2857142857142857,0.3192771084337347,0.9538461538461539,0.5733333333333335,0.0,1.0,0.0,0.0,1.0,0.0,0.0,1.0,0.0,0.0,1.0,0.0,1.0
0.657314629258517,0.0,0.03571428571428571,0.09638554216867457,0.3076923076923077,0.13333333333333336,1.0,0.0,0.0,0.0,0.0,1.0,0.0,0.0,1.0,0.0,1.0,1.0,0.0
0.6593186372745491,0.0,0.4642857142857143,0.1987951807228916,0.5384615384615384,0.26666666666666666,1.0,0.0,1.0,0.0,0.0,0.0,0.0,1.0,0.0,0.0,1.0,1.0,0.0
0.6613226452905812,0.5,0.07142857142857142,0.36947791164658605,0.6,0.37333333333333335,1.0,0.0,1.0,0.0,0.0,0.0,0.0,0.0,1.0,1.0,0.0,1.0,0.0
0.6633266533066132,0.75,0.7142857142857143,0.08835341365461846,0.9384615384615386,0.4533333333333334,0.0,1.0,0.0,1.0,0.0,0.0,0.0,0.0,1.0,0.0,1.0,0.0,1.0
0.6653306613226453,1.0,0.24999999999999997,0.5180722891566263,0.6615384615384615,0.24000000000000005,0.0,1.0,0.0,0.0,0.0,1.0,0.0,0.0,1.0,0.0,1.0,1.0,0.0
0.6673346693386772,0.25,0.5357142857142857,0.06626506024096379,0.20000000000000007,0.3333333333333334,1.0,0.0,0.0,0.0,0.0,1.0,0.0,0.0,1.0,0.0,1.0,1.0,0.0
0.6693386773547093,0.5,0.14285714285714285,0.37951807228915646,0.015384615384615385,0.25333333333333335,1.0,0.0,1.0,0.0,0.0,0.0,0.0,0.0,1.0,0.0,1.0,1.0,0.0
0.6713426853707414,0.75,0.3928571428571428,0.720883534136546,0.41538461538461535,0.3066666666666667,0.0,1.0,1.0,0.0,0.0,0.0,0.0,1.0,0.0,1.0,0.0,1.0,0.0
0.6733466933867734,0.25,0.8571428571428571,0.12048192771084332,0.6153846153846155,0.7866666666666668,0.0,1.0,0.0,0.0,0.0,1.0,0.0,1.0,0.0,1.0,0.0,0.0,1.0
0.6753507014028055,0.25,0.2857142857142857,0.642570281124498,0.5846153846153846,0.32,0.0,1.0,1.0,0.0,0.0,0.0,0.0,1.0,0.0,0.0,1.0,1.0,0.0
0.6773547094188376,0.75,0.3214285714285714,0.6445783132530118,0.2153846153846154,0.2800000000000001,0.0,1.0,1.0,0.0,0.0,0.0,0.0,1.0,0.0,1.0,0.0,1.0,0.0
0.6793587174348696,1.0,0.07142857142857142,0.5261044176706828,0.24615384615384617,0.2,1.0,0.0,0.0,1.0,0.0,0.0,0.0,1.0,0.0,1.0,0.0,1.0,0.0
0.6813627254509017,0.5,0.6071428571428571,0.6807228915662649,0.12307692307692308,0.34666666666666673,1.0,0.0,0.0,0.0,0.0,1.0,0.0,0.0,1.0,0.0,1.0,1.0,0.0
0.6833667334669338,0.25,0.03571428571428571,0.9216867469879515,0.8307692307692308,0.49333333333333335,1.0,0.0,0.0,0.0,0.0,1.0,0.0,1.0,0.0,1.0,0.0,0.0,1.0
0.6853707414829658,0.0,0.7142857142857143,0.5341365461847387,0.15384615384615385,0.5066666666666668,1.0,0.0,0.0,0.0,0.0,0.0,1.0,0.0,1.0,1.0,0.0,0.0,1.0
0.6873747494989979,1.0,0.21428571428571427,0.9738955823293172,0.12307692307692308,0.3066666666666667,0.0,1.0,1.0,0.0,0.0,0.0,0.0,1.0,0.0,1.0,0.0,1.0,0.0
0.68937875751503,0.25,0.03571428571428571,0.24096385542168663,0.10769230769230764,0.053333333333333344,1.0,0.0,0.0,0.0,0.0,1.0,0.0,0.0,1.0,1.0,0.0,1.0,0.0
0.691382765531062,0.0,0.0,0.7068273092369477,0.6769230769230768,0.32,0.0,1.0,0.0,1.0,0.0,0.0,0.0,0.0,1.0,1.0,0.0,1.0,0.0
0.6933867735470941,0.25,0.3928571428571428,0.12248995983935718,0.6461538461538462,0.5333333333333334,1.0,0.0,0.0,0.0,1.0,0.0,0.0,0.0,1.0,0.0,1.0,0.0,1.0
0.6953907815631262,0.5,0.5714285714285714,0.06024096385542155,0.8923076923076924,0.5466666666666666,1.0,0.0,0.0,0.0,0.0,0.0,1.0,0.0,1.0,1.0,0.0,0.0,1.0
0.6973947895791582,0.0,0.5357142857142857,0.8594377510040159,0.49230769230769234,0.72,1.0,0.0,1.0,0.0,0.0,0.0,0.0,1.0,0.0,0.0,1.0,0.0,1.0
0.6993987975951903,1.0,0.75,0.720883534136546,0.015384615384615385,0.5066666666666668,0.0,1.0,1.0,0.0,0.0,0.0,0.0,0.0,1.0,0.0,1.0,0.0,1.0
0.7014028056112224,0.75,0.3928571428571428,0.37951807228915646,0.8153846153846155,0.37333333333333335,0.0,1.0,1.0,0.0,0.0,0.0,0.0,0.0,1.0,0.0,1.0,1.0,0.0
0.7034068136272544,0.25,0.4642857142857143,0.9156626506024095,0.7230769230769231,0.4533333333333334,1.0,0.0,0.0,0.0,1.0,0.0,0.0,1.0,0.0,0.0,1.0,0.0,1.0
0.7054108216432865,0.25,0.24999999999999997,0.8032128514056225,0.9076923076923077,0.4266666666666667,0.0,1.0,0.0,1.0,0.0,0.0,0.0,1.0,0.0,0.0,1.0,0.0,1.0
0.7074148296593186,0.5,0.07142857142857142,0.5522088353413654,0.5692307692307693,0.3333333333333334,1.0,0.0,0.0,1.0,0.0,0.0,0.0,1.0,0.0,0.0,1.0,1.0,0.0
0.7094188376753506,1.0,0.24999999999999997,0.4618473895582329,0.4769230769230769,0.21333333333333337,1.0,0.0,0.0,0.0,0.0,0.0,1.0,1.0,0.0,0.0,1.0,1.0,0.0
0.7114228456913827,0.75,0.0,0.22891566265060237,0.0,0.21333333333333337,0.0,1.0,0.0,0.0,1.0,0.0,0.0,0.0,1.0,1.0,0.0,1.0,0.0
0.7134268537074148,0.5,0.10714285714285712,0.20281124497991954,0.10769230769230764,0.013333333333333364,1.0,0.0,1.0,0.0,0.0,0.0,0.0,1.0,0.0,1.0,0.0,1.0,0.0
0.7154308617234468,0.0,0.03571428571428571,0.9216867469879515,0.8923076923076924,0.5066666666666668,1.0,0.0,0.0,0.0,0.0,0.0,1.0,1.0,0.0,1.0,0.0,0.0,1.0
0.7174348697394789,1.0,0.10714285714285712,0.5040160642570279,0.8461538461538461,0.44,0.0,1.0,0.0,0.0,0.0,1.0,0.0,0.0,1.0,0.0,1.0,0.0,1.0
0.719438877755511,0.25,0.3214285714285714,0.25702811244979906,0.6153846153846155,0.37333333333333335,0.0,1.0,0.0,0.0,1.0,0.0,0.0,1.0,0.0,1.0,0.0,1.0,0.0
0.721442885771543,0.25,0.07142857142857142,0.9437751004016064,0.20000000000000007,0.17333333333333334,1.0,0.0,1.0,0.0,0.0,0.0,0.0,0.0,1.0,0.0,1.0,1.0,0.0
0.7234468937875751,0.75,0.3571428571428571,0.4036144578313252,0.876923076923077,0.4000000000000001,1.0,0.0,0.0,0.0,0.0,0.0,1.0,1.0,0.0,0.0,1.0,0.0,1.0
0.7254509018036072,0.5,0.9642857142857142,0.11646586345381515,0.41538461538461535,0.6133333333333333,1.0,0.0,1.0,0.0,0.0,0.0,0.0,1.0,0.0,0.0,1.0,0.0,1.0
0.7274549098196392,0.0,0.7857142857142857,0.2449799196787148,0.5846153846153846,0.5466666666666666,0.0,1.0,0.0,0.0,1.0,0.0,0.0,1.0,0.0,0.0,1.0,0.0,1.0
0.7294589178356713,0.0,0.4285714285714286,0.8534136546184738,0.9076923076923077,0.4533333333333334,0.0,1.0,0.0,0.0,0.0,0.0,1.0,0.0,1.0,0.0,1.0,0.0,1.0
0.7314629258517034,0.0,0.0,0.058232931726907466,0.7846153846153846,0.14666666666666672,0.0,1.0,1.0,0.0,0.0,0.0,0.0,0.0,1.0,0.0,1.0,1.0,0.0
0.7334669338677354,1.0,0.6428571428571428,0.255020080321285,0.3846153846153847,0.5866666666666667,0.0,1.0,0.0,1.0,0.0,0.0,0.0,0.0,1.0,0.0,1.0,0.0,1.0
0.7354709418837675,0.25,0.07142857142857142,0.9056224899598393,0.9076923076923077,0.24000000000000005,1.0,0.0,0.0,0.0,1.0,0.0,0.0,0.0,1.0,0.0,1.0,1.0,0.0
0.7374749498997996,1.0,0.4642857142857143,0.8212851405622488,0.7384615384615386,0.6800000000000002,0.0,1.0,0.0,0.0,0.0,1.0,0.0,1.0,0.0,0.0,1.0,0.0,1.0
0.7394789579158316,0.25,0.3928571428571428,0.21084337349397586,0.876923076923077,0.32,1.0,0.0,1.0,0.0,0.0,0.0,0.0,1.0,0.0,1.0,0.0,1.0,0.0
0.7414829659318637,1.0,0.6785714285714286,0.6144578313253011,0.9384615384615386,0.52,0.0,1.0,0.0,0.0,1.0,0.0,0.0,1.0,0.0,1.0,0.0,0.0,1.0
0.7434869739478958,0.5,0.4285714285714286,0.13453815261044166,0.7384615384615386,0.5733333333333335,0.0,1.0,1.0,0.0,0.0,0.0,0.0,0.0,1.0,0.0,1.0,0.0,1.0
0.7454909819639278,0.75,0.6071428571428571,0.7811244979919676,0.5230769230769231,0.5066666666666668,1.0,0.0,0.0,0.0,1.0,0.0,0.0,1.0,0.0,1.0,0.0,0.0,1.0
0.7474949899799599,0.5,0.6785714285714286,0.21686746987951788,0.6923076923076924,0.7066666666666668,0.0,1.0,0.0,0.0,1.0,0.0,0.0,0.0,1.0,1.0,0.0,0.0,1.0
0.749498997995992,0.25,0.10714285714285712,0.2449799196787148,0.4307692307692308,0.26666666666666666,0.0,1.0,1.0,0.0,0.0,0.0,0.0,1.0,0.0,0.0,1.0,1.0,0.0
0.751503006012024,0.5,0.9285714285714286,0.9919678714859435,0.6153846153846155,1.0000000000000002,1.0,0.0,1.0,0.0,0.0,0.0,0.0,0.0,1.0,0.0,1.0,0.0,1.0
0.7535070140280561,1.0,0.0,0.7028112449799195,0.9692307692307692,0.38666666666666666,1.0,0.0,0.0,0.0,1.0,0.0,0.0,0.0,1.0,0.0,1.0,1.0,0.0
0.7555110220440882,0.25,0.5357142857142857,0.034136546184738714,0.03076923076923077,0.37333333333333335,1.0,0.0,0.0,1.0,0.0,0.0,0.0,0.0,1.0,0.0,1.0,1.0,0.0
0.7575150300601202,0.0,0.3571428571428571,0.9176706827309238,0.3384615384615385,0.6266666666666667,1.0,0.0,1.0,0.0,0.0,0.0,0.0,0.0,1.0,1.0,0.0,0.0,1.0
0.7595190380761523,0.0,0.0,0.14457831325301185,0.13846153846153852,0.053333333333333344,1.0,0.0,1.0,0.0,0.0,0.0,0.0,0.0,1.0,1.0,0.0,1.0,0.0
0.7615230460921844,1.0,0.10714285714285712,0.33333333333333326,0.8461538461538461,0.4533333333333334,1.0,0.0,0.0,0.0,1.0,0.0,0.0,0.0,1.0,0.0,1.0,0.0,1.0
0.7635270541082164,0.5,0.17857142857142858,0.7068273092369477,0.3384615384615385,0.3066666666666667,1.0,0.0,0.0,0.0,0.0,0.0,1.0,1.0,0.0,0.0,1.0,1.0,0.0
0.7655310621242485,0.5,0.14285714285714285,0.17469879518072284,0.3538461538461538,0.2800000000000001,1.0,0.0,0.0,1.0,0.0,0.0,0.0,1.0,0.0,0.0,1.0,1.0,0.0
0.7675350701402806,1.0,0.24999999999999997,0.6385542168674698,0.6461538461538462,0.5333333333333334,1.0,0.0,0.0,1.0,0.0,0.0,0.0,1.0,0.0,0.0,1.0,0.0,1.0
0.7695390781563125,0.25,0.3928571428571428,0.9819277108433733,0.876923076923077,0.4133333333333334,0.0,1.0,1.0,0.0,0.0,0.0,0.0,0.0,1.0,1.0,0.0,0.0,1.0
0.7715430861723446,0.25,0.24999999999999997,0.6927710843373494,0.0,0.13333333333333336,1.0,0.0,0.0,0.0,1.0,0.0,0.0,1.0,0.0,0.0,1.0,1.0,0.0
0.7735470941883766,0.75,0.8214285714285714,0.41767068273092356,0.7384615384615386,0.6666666666666667,1.0,0.0,1.0,0.0,0.0,0.0,0.0,1.0,0.0,1.0,0.0,0.0,1.0
0.7755511022044087,0.0,0.9285714285714286,0.47791164658634533,0.876923076923077,0.6400000000000001,1.0,0.0,0.0,0.0,0.0,0.0,1.0,0.0,1.0,0.0,1.0,0.0,1.0
0.7775551102204408,0.5,0.0,0.31526104417670675,0.32307692307692315,0.12000000000000005,0.0,1.0,0.0,1.0,0.0,0.0,0.0,0.0,1.0,1.0,0.0,1.0,0.0
0.7795591182364728,0.0,0.6071428571428571,0.9417670682730921,0.0461538461538461,0.56,0.0,1.0,0.0,1.0,0.0,0.0,0.0,1.0,0.0,1.0,0.0,0.0,1.0
0.7815631262525049,1.0,1.0,0.4317269076305221,0.4,0.6400000000000001,0.0,1.0,0.0,1.0,0.0,0.0,0.0,0.0,1.0,1.0,0.0,0.0,1.0
0.783567134268537,1.0,0.8214285714285714,0.9257028112449797,0.5846153846153846,0.6800000000000002,1.0,0.0,0.0,0.0,0.0,0.0,1.0,1.0,0.0,1.0,0.0,0.0,1.0
0.785571142284569,0.0,0.4285714285714286,0.5702811244979917,0.7076923076923077,0.32,0.0,1.0,0.0,0.0,0.0,1.0,0.0,0.0,1.0,0.0,1.0,1.0,0.0
0.7875751503006011,0.0,0.3214285714285714,0.8232931726907631,0.18461538461538463,0.22666666666666668,1.0,0.0,0.0,0.0,0.0,0.0,1.0,1.0,0.0,0.0,1.0,1.0,0.0
0.7895791583166332,0.25,0.7142857142857143,0.2891566265060239,0.6,0.7466666666666668,0.0,1.0,0.0,1.0,0.0,0.0,0.0,1.0,0.0,0.0,1.0,0.0,1.0
0.7915831663326652,0.75,0.5357142857142857,0.893574297188755,0.3538461538461538,0.5333333333333334,1.0,0.0,0.0,0.0,1.0,0.0,0.0,0.0,1.0,1.0,0.0,0.0,1.0
0.7935871743486973,0.5,0.17857142857142858,0.44377510040160617,0.5076923076923078,0.21333333333333337,1.0,0.0,0.0,0.0,1.0,0.0,0.0,1.0,0.0,1.0,0.0,1.0,0.0
0.7955911823647294,1.0,0.03571428571428571,0.14859437751004,0.7999999999999999,0.36000000000000004,1.0,0.0,0.0,1.0,0.0,0.0,0.0,0.0,1.0,1.0,0.0,1.0,0.0
0.7975951903807614,1.0,0.03571428571428571,0.8393574297188753,0.46153846153846156,0.32,0.0,1.0,0.0,0.0,0.0,0.0,1.0,1.0,0.0,1.0,0.0,1.0,0.0
0.7995991983967935,0.0,0.4285714285714286,0.9016064257028109,0.876923076923077,0.48000000000000004,1.0,0.0,0.0,1.0,0.0,0.0,0.0,0.0,1.0,0.0,1.0,0.0,1.0
0.8016032064128256,0.25,0.8928571428571428,0.1887550200803212,0.8461538461538461,0.6133333333333333,0.0,1.0,0.0,1.0,0.0,0.0,0.0,1.0,0.0,0.0,1.0,0.0,1.0
0.8036072144288576,1.0,0.2857142857142857,0.31726907630522083,0.7692307692307693,0.4266666666666667,0.0,1.0,0.0,1.0,0.0,0.0,0.0,0.0,1.0,1.0,0.0,0.0,1.0
0.8056112224448897,0.5,0.5714285714285714,0.4558232931726909,0.8153846153846155,0.4533333333333334,1.0,0.0,0.0,1.0,0.0,0.0,0.0,1.0,0.0,0.0,1.0,0.0,1.0
0.8076152304609218,1.0,0.6428571428571428,0.5803212851405619,0.5538461538461538,0.6400000000000001,0.0,1.0,0.0,1.0,0.0,0.0,0.0,0.0,1.0,0.0,1.0,0.0,1.0
0.8096192384769538,0.75,0.2857142857142857,0.38152610441767054,0.3384615384615385,0.25333333333333335,1.0,0.0,0.0,0.0,0.0,1.0,0.0,1.0,0.0,0.0,1.0,1.0,0.0
0.8116232464929859,0.25,0.6785714285714286,0.606425702811245,0.6461538461538462,0.7600000000000002,1.0,0.0,0.0,0.0,0.0,1.0,0.0,0.0,1.0,1.0,0.0,0.0,1.0
0.813627254509018,0.0,0.8214285714285714,0.47389558232931717,0.6615384615384615,0.8533333333333335,0.0,1.0,0.0,0.0,1.0,0.0,0.0,1.0,0.0,0.0,1.0,0.0,1.0
0.81563126252505,0.5,0.2857142857142857,0.8413654618473894,0.5846153846153846,0.5866666666666667,1.0,0.0,0.0,1.0,0.0,0.0,0.0,0.0,1.0,0.0,1.0,0.0,1.0
0.8176352705410821,0.5,0.2857142857142857,0.7269076305220883,0.8615384615384617,0.38666666666666666,1.0,0.0,0.0,0.0,0.0,0.0,1.0,0.0,1.0,0.0,1.0,1.0,0.0
0.8196392785571142,0.75,0.8571428571428571,0.5140562248995981,0.12307692307692308,0.5733333333333335,1.0,0.0,0.0,0.0,1.0,0.0,0.0,0.0,1.0,0.0,1.0,0.0,1.0
0.8216432865731462,0.25,0.8571428571428571,0.8514056224899595,0.36923076923076925,0.6400000000000001,1.0,0.0,0.0,0.0,0.0,0.0,1.0,0.0,1.0,0.0,1.0,0.0,1.0
0.8236472945891783,0.25,0.03571428571428571,0.4538152610441766,0.7230769230769231,0.26666666666666666,0.0,1.0,0.0,0.0,1.0,0.0,0.0,0.0,1.0,1.0,0.0,1.0,0.0
0.8256513026052104,0.0,0.75,0.02610441767068261,0.3384615384615385,0.5333333333333334,1.0,0.0,0.0,0.0,1.0,0.0,0.0,1.0,0.0,1.0,0.0,0.0,1.0
0.8276553106212424,0.5,0.17857142857142858,0.8373493975903614,0.0461538461538461,0.2800000000000001,1.0,0.0,0.0,0.0,1.0,0.0,0.0,0.0,1.0,1.0,0.0,1.0,0.0
0.8296593186372745,0.25,0.9642857142857142,0.5702811244979917,0.4,0.6800000000000002,0.0,1.0,1.0,0.0,0.0,0.0,0.0,0.0,1.0,0.0,1.0,0.0,1.0
0.8316633266533066,1.0,0.0,0.863453815261044,0.3384615384615385,0.3333333333333334,1.0,0.0,0.0,1.0,0.0,0.0,0.0,1.0,0.0,0.0,1.0,1.0,0.0
0.8336673346693386,0.25,0.2857142857142857,0.606425702811245,0.7384615384615386,0.4000000000000001,0.0,1.0,0.0,0.0,1.0,0.0,0.0,1.0,0.0,1.0,0.0,0.0,1.0
0.8356713426853707,0.5,0.21428571428571427,0.46385542168674676,0.0,0.26666666666666666,1.0,0.0,0.0,0.0,0.0,0.0,1.0,1.0,0.0,0.0,1.0,1.0,0.0
0.8376753507014028,1.0,0.7142857142857143,0.5923694779116466,0.9384615384615386,0.56,1.0,0.0,0.0,0.0,1.0,0.0,0.0,1.0,0.0,0.0,1.0,0.0,1.0
0.8396793587174348,0.5,0.7142857142857143,0.32329317269076285,0.36923076923076925,0.4266666666666667,1.0,0.0,0.0,0.0,1.0,0.0,0.0,1.0,0.0,1.0,0.0,0.0,1.0
0.8416833667334669,0.0,0.8928571428571428,0.857429718875502,0.2615384615384616,0.8666666666666667,0.0,1.0,0.0,0.0,0.0,0.0,1.0,1.0,0.0,1.0,0.0,0.0,1.0
0.843687374749499,0.75,0.3214285714285714,0.25702811244979906,0.06153846153846154,0.3333333333333334,0.0,1.0,0.0,0.0,0.0,1.0,0.0,1.0,0.0,1.0,0.0,1.0,0.0
0.845691382765531,0.5,0.8214285714285714,0.7128514056224899,0.9846153846153848,0.7466666666666668,0.0,1.0,0.0,0.0,0.0,0.0,1.0,1.0,0.0,1.0,0.0,0.0,1.0
0.8476953907815631,1.0,0.17857142857142858,0.291164658634538,0.3538461538461538,0.34666666666666673,0.0,1.0,0.0,0.0,0.0,1.0,0.0,0.0,1.0,1.0,0.0,1.0,0.0
0.8496993987975952,0.0,0.24999999999999997,0.3534136546184736,0.7230769230769231,0.2933333333333334,1.0,0.0,0.0,0.0,1.0,0.0,0.0,1.0,0.0,1.0,0.0,1.0,0.0
0.8517034068136272,0.75,0.9642857142857142,0.11445783132530107,0.36923076923076925,0.6933333333333334,1.0,0.0,0.0,1.0,0.0,0.0,0.0,0.0,1.0,1.0,0.0,0.0,1.0
0.8537074148296593,0.75,0.5714285714285714,0.2951807228915664,0.3846153846153847,0.4266666666666667,0.0,1.0,0.0,1.0,0.0,0.0,0.0,0.0,1.0,0.0,1.0,0.0,1.0
0.8557114228456913,1.0,1.0,0.9056224899598393,0.3538461538461538,0.9733333333333334,1.0,0.0,0.0,0.0,0.0,1.0,0.0,0.0,1.0,1.0,0.0,0.0,1.0
0.8577154308617234,0.75,0.3571428571428571,0.6305220883534135,0.0,0.36000000000000004,0.0,1.0,1.0,0.0,0.0,0.0,0.0,1.0,0.0,0.0,1.0,1.0,0.0
0.8597194388777555,0.25,0.8571428571428571,0.7730923694779115,0.16923076923076918,0.56,1.0,0.0,0.0,0.0,0.0,0.0,1.0,0.0,1.0,1.0,0.0,0.0,1.0
0.8617234468937875,0.75,0.4285714285714286,0.42771084337349397,0.06153846153846154,0.4133333333333334,1.0,0.0,0.0,0.0,0.0,1.0,0.0,1.0,0.0,0.0,1.0,0.0,1.0
0.8637274549098196,0.5,0.0,0.8915662650602407,0.0,0.2933333333333334,0.0,1.0,0.0,0.0,0.0,0.0,1.0,0.0,1.0,0.0,1.0,1.0,0.0
0.8657314629258517,0.25,0.7857142857142857,0.8755020080321283,0.7538461538461539,0.8,0.0,1.0,0.0,0.0,1.0,0.0,0.0,0.0,1.0,0.0,1.0,0.0,1.0
0.8677354709418837,0.25,0.07142857142857142,0.8232931726907631,0.6615384615384615,0.3333333333333334,1.0,0.0,0.0,0.0,1.0,0.0,0.0,1.0,0.0,1.0,0.0,1.0,0.0
0.8697394789579158,0.5,1.0,0.4879518072289155,0.03076923076923077,0.6000000000000001,0.0,1.0,1.0,0.0,0.0,0.0,0.0,0.0,1.0,1.0,0.0,0.0,1.0
0.8717434869739479,0.25,0.21428571428571427,0.7329317269076305,0.7076923076923077,0.5333333333333334,0.0,1.0,0.0,0.0,0.0,0.0,1.0,0.0,1.0,0.0,1.0,0.0,1.0
0.8737474949899798,0.75,1.0,0.6385542168674698,0.20000000000000007,0.8400000000000001,0.0,1.0,0.0,0.0,0.0,0.0,1.0,0.0,1.0,0.0,1.0,0.0,1.0
0.8757515030060119,0.0,0.7857142857142857,0.11244979919678699,0.49230769230769234,0.6000000000000001,0.0,1.0,0.0,0.0,0.0,1.0,0.0,1.0,0.0,0.0,1.0,0.0,1.0
0.877755511022044,0.25,0.7857142857142857,0.684738955823293,0.18461538461538463,0.7333333333333334,0.0,1.0,0.0,1.0,0.0,0.0,0.0,1.0,0.0,1.0,0.0,0.0,1.0
0.879759519038076,1.0,0.6785714285714286,0.6987951807228914,0.5538461538461538,0.5066666666666668,1.0,0.0,0.0,0.0,0.0,1.0,0.0,0.0,1.0,0.0,1.0,0.0,1.0
0.8817635270541081,0.75,0.21428571428571427,0.6084337349397588,0.7999999999999999,0.34666666666666673,0.0,1.0,0.0,0.0,1.0,0.0,0.0,0.0,1.0,1.0,0.0,1.0,0.0
0.8837675350701402,0.0,0.6071428571428571,0.49397590361445776,0.46153846153846156,0.36000000000000004,0.0,1.0,1.0,0.0,0.0,0.0,0.0,1.0,0.0,1.0,0.0,1.0,0.0
0.8857715430861722,0.0,0.10714285714285712,0.8353413654618471,1.0,0.2800000000000001,0.0,1.0,0.0,0.0,0.0,1.0,0.0,0.0,1.0,0.0,1.0,1.0,0.0
0.8877755511022043,0.5,0.7142857142857143,0.22891566265060237,0.09230769230769231,0.34666666666666673,0.0,1.0,0.0,0.0,1.0,0.0,0.0,1.0,0.0,1.0,0.0,1.0,0.0
0.8897795591182364,0.0,0.9642857142857142,0.28714859437750984,0.18461538461538463,0.8,0.0,1.0,0.0,0.0,1.0,0.0,0.0,1.0,0.0,0.0,1.0,0.0,1.0
0.8917835671342684,0.0,0.9642857142857142,0.13453815261044166,0.8615384615384617,0.8133333333333335,0.0,1.0,1.0,0.0,0.0,0.0,0.0,1.0,0.0,1.0,0.0,0.0,1.0
0.8937875751503005,0.0,0.3928571428571428,0.8132530120481927,0.7846153846153846,0.5466666666666666,1.0,0.0,1.0,0.0,0.0,0.0,0.0,0.0,1.0,1.0,0.0,0.0,1.0
0.8957915831663326,0.75,0.7857142857142857,0.8493975903614457,0.24615384615384617,0.7866666666666668,1.0,0.0,0.0,0.0,0.0,1.0,0.0,0.0,1.0,0.0,1.0,0.0,1.0
0.8977955911823646,0.25,0.10714285714285712,0.4136546184738954,0.3538461538461538,0.3066666666666667,0.0,1.0,0.0,0.0,0.0,0.0,1.0,1.0,0.0,1.0,0.0,1.0,0.0
0.8997995991983967,0.5,0.6785714285714286,0.02409638554216853,0.2153846153846154,0.44,1.0,0.0,1.0,0.0,0.0,0.0,0.0,1.0,0.0,1.0,0.0,0.0,1.0
0.9018036072144288,0.0,0.07142857142857142,0.25903614457831314,0.6615384615384615,0.26666666666666666,1.0,0.0,0.0,0.0,1.0,0.0,0.0,0.0,1.0,0.0,1.0,1.0,0.0
0.9038076152304608,0.75,0.75,0.7248995983935742,0.29230769230769227,0.6933333333333334,0.0,1.0,0.0,0.0,0.0,1.0,0.0,1.0,0.0,1.0,0.0,0.0,1.0
0.9058116232464929,0.0,0.7142857142857143,0.933734939759036,0.32307692307692315,0.52,0.0,1.0,0.0,0.0,0.0,0.0,1.0,1.0,0.0,1.0,0.0,0.0,1.0
0.907815631262525,0.5,0.24999999999999997,0.327309236947791,0.7384615384615386,0.34666666666666673,1.0,0.0,0.0,0.0,1.0,0.0,0.0,0.0,1.0,0.0,1.0,1.0,0.0
0.909819639278557,0.0,0.5,0.4417670682730923,0.9692307692307692,0.5733333333333335,0.0,1.0,0.0,0.0,0.0,0.0,1.0,1.0,0.0,0.0,1.0,0.0,1.0
0.9118236472945891,0.0,0.5357142857142857,0.7449799196787148,0.7999999999999999,0.4533333333333334,1.0,0.0,0.0,1.0,0.0,0.0,0.0,0.0,1.0,1.0,0.0,0.0,1.0
0.9138276553106212,0.0,0.8928571428571428,0.6024096385542168,0.8923076923076924,0.7600000000000002,0.0,1.0,0.0,0.0,0.0,0.0,1.0,1.0,0.0,0.0,1.0,0.0,1.0
0.9158316633266532,0.0,0.9285714285714286,0.21887550200803196,0.7076923076923077,0.8266666666666669,1.0,0.0,0.0,0.0,0.0,1.0,0.0,1.0,0.0,1.0,0.0,0.0,1.0
0.9178356713426853,0.0,0.10714285714285712,0.7590361445783131,0.6923076923076924,0.44,1.0,0.0,1.0,0.0,0.0,0.0,0.0,0.0,1.0,1.0,0.0,0.0,1.0
0.9198396793587174,1.0,0.5714285714285714,0.37148594377510036,0.9692307692307692,0.46666666666666673,1.0,0.0,0.0,1.0,0.0,0.0,0.0,0.0,1.0,0.0,1.0,0.0,1.0
0.9218436873747494,0.0,0.2857142857142857,0.6084337349397588,0.41538461538461535,0.38666666666666666,1.0,0.0,1.0,0.0,0.0,0.0,0.0,0.0,1.0,1.0,0.0,1.0,0.0
0.9238476953907815,0.5,0.10714285714285712,0.7570281124497993,0.8923076923076924,0.49333333333333335,0.0,1.0,0.0,1.0,0.0,0.0,0.0,0.0,1.0,1.0,0.0,0.0,1.0
0.9258517034068136,0.75,0.0,0.5281124497991967,1.0,0.44,0.0,1.0,0.0,1.0,0.0,0.0,0.0,1.0,0.0,1.0,0.0,0.0,1.0
0.9278557114228456,1.0,0.17857142857142858,0.7289156626506024,0.6307692307692309,0.4133333333333334,0.0,1.0,1.0,0.0,0.0,0.0,0.0,0.0,1.0,1.0,0.0,0.0,1.0
0.9298597194388777,0.75,0.6785714285714286,0.9156626506024095,0.6615384615384615,0.6400000000000001,1.0,0.0,1.0,0.0,0.0,0.0,0.0,1.0,0.0,1.0,0.0,0.0,1.0
0.9318637274549098,0.25,0.14285714285714285,0.40963855421686723,0.41538461538461535,0.16000000000000003,1.0,0.0,0.0,0.0,0.0,0.0,1.0,1.0,0.0,1.0,0.0,1.0,0.0
0.9338677354709418,1.0,0.7857142857142857,0.28714859437750984,0.9846153846153848,0.7466666666666668,0.0,1.0,0.0,0.0,1.0,0.0,0.0,0.0,1.0,0.0,1.0,0.0,1.0
0.9358717434869739,0.0,0.8571428571428571,0.34939759036144546,0.8307692307692308,0.8800000000000001,1.0,0.0,0.0,0.0,0.0,1.0,0.0,1.0,0.0,1.0,0.0,0.0,1.0
0.937875751503006,1.0,0.10714285714285712,0.02208835341365445,0.3846153846153847,0.08000000000000002,0.0,1.0,1.0,0.0,0.0,0.0,0.0,0.0,1.0,0.0,1.0,1.0,0.0
0.939879759519038,0.5,0.75,0.24698795180722888,0.06153846153846154,0.48000000000000004,0.0,1.0,0.0,1.0,0.0,0.0,0.0,1.0,0.0,0.0,1.0,0.0,1.0
0.9418837675350701,0.0,0.6785714285714286,0.8674698795180722,0.46153846153846156,0.6933333333333334,1.0,0.0,0.0,0.0,0.0,0.0,1.0,0.0,1.0,1.0,0.0,0.0,1.0
0.9438877755511021,0.0,0.4285714285714286,0.3855421686746987,0.49230769230769234,0.3333333333333334,1.0,0.0,0.0,0.0,1.0,0.0,0.0,0.0,1.0,0.0,1.0,1.0,0.0
0.9458917835671342,0.25,0.7142857142857143,0.7028112449799195,0.5692307692307693,0.6666666666666667,1.0,0.0,0.0,0.0,1.0,0.0,0.0,0.0,1.0,0.0,1.0,0.0,1.0
0.9478957915831663,0.0,0.17857142857142858,0.9618473895582327,0.07692307692307698,0.32,0.0,1.0,0.0,0.0,0.0,0.0,1.0,0.0,1.0,1.0,0.0,1.0,0.0
0.9498997995991983,1.0,0.2857142857142857,0.12650602409638534,0.6461538461538462,0.3333333333333334,1.0,0.0,0.0,0.0,0.0,0.0,1.0,1.0,0.0,0.0,1.0,1.0,0.0
0.9519038076152304,0.0,0.14285714285714285,0.927710843373494,0.9538461538461539,0.6133333333333333,0.0,1.0,0.0,0.0,0.0,0.0,1.0,0.0,1.0,1.0,0.0,0.0,1.0
0.9539078156312625,0.0,0.8928571428571428,0.7068273092369477,0.12307692307692308,0.8400000000000001,1.0,0.0,0.0,0.0,0.0,0.0,1.0,0.0,1.0,0.0,1.0,0.0,1.0
0.9559118236472945,0.75,0.6071428571428571,0.536144578313253,0.41538461538461535,0.6400000000000001,0.0,1.0,0.0,1.0,0.0,0.0,0.0,1.0,0.0,0.0,1.0,0.0,1.0
0.9579158316633266,0.5,0.3928571428571428,0.291164658634538,0.2153846153846154,0.44,1.0,0.0,0.0,0.0,0.0,0.0,1.0,1.0,0.0,0.0,1.0,0.0,1.0
0.9599198396793587,0.75,0.24999999999999997,0.9036144578313252,0.6307692307692309,0.44,1.0,0.0,0.0,0.0,0.0,0.0,1.0,0.0,1.0,0.0,1.0,0.0,1.0
0.9619238476953907,0.75,0.2857142857142857,0.5381526104417669,1.0,0.6266666666666667,0.0,1.0,0.0,0.0,1.0,0.0,0.0,0.0,1.0,1.0,0.0,0.0,1.0
0.9639278557114228,0.75,0.03571428571428571,0.2931726907630521,0.18461538461538463,0.026666666666666672,1.0,0.0,1.0,0.0,0.0,0.0,0.0,1.0,0.0,0.0,1.0,1.0,0.0
0.9659318637274549,0.0,0.21428571428571427,0.6686746987951806,0.4,0.4000000000000001,0.0,1.0,1.0,0.0,0.0,0.0,0.0,1.0,0.0,0.0,1.0,0.0,1.0
0.9679358717434869,0.0,0.8214285714285714,0.684738955823293,0.06153846153846154,0.48000000000000004,1.0,0.0,0.0,1.0,0.0,0.0,0.0,1.0,0.0,1.0,0.0,0.0,1.0
0.969939879759519,0.0,0.17857142857142858,0.7931726907630521,0.5076923076923078,0.37333333333333335,0.0,1.0,0.0,0.0,0.0,0.0,1.0,0.0,1.0,0.0,1.0,1.0,0.0
0.9719438877755511,0.75,0.7142857142857143,0.40160642570281113,0.23076923076923073,0.6000000000000001,1.0,0.0,0.0,0.0,1.0,0.0,0.0,0.0,1.0,1.0,0.0,0.0,1.0
0.9739478957915831,1.0,0.07142857142857142,0.755020080321285,0.6923076923076924,0.37333333333333335,0.0,1.0,0.0,0.0,0.0,0.0,1.0,0.0,1.0,0.0,1.0,1.0,0.0
0.9759519038076151,0.5,0.8928571428571428,0.684738955823293,0.8615384615384617,0.7866666666666668,0.0,1.0,0.0,0.0,0.0,0.0,1.0,0.0,1.0,1.0,0.0,0.0,1.0
0.9779559118236472,0.0,0.5357142857142857,0.15261044176706817,0.5692307692307693,0.5466666666666666,1.0,0.0,1.0,0.0,0.0,0.0,0.0,0.0,1.0,1.0,0.0,0.0,1.0
0.9799599198396792,0.5,0.75,0.8855421686746987,0.23076923076923073,0.49333333333333335,0.0,1.0,0.0,0.0,1.0,0.0,0.0,0.0,1.0,0.0,1.0,0.0,1.0
0.9819639278557113,1.0,0.6785714285714286,0.39156626506024095,0.4,0.6800000000000002,0.0,1.0,0.0,0.0,0.0,0.0,1.0,0.0,1.0,1.0,0.0,0.0,1.0
0.9839679358717434,0.25,0.4642857142857143,0.9056224899598393,0.3538461538461538,0.44,1.0,0.0,0.0,0.0,0.0,0.0,1.0,0.0,1.0,0.0,1.0,0.0,1.0
0.9859719438877754,0.25,0.10714285714285712,0.178714859437751,0.13846153846153852,0.09333333333333338,1.0,0.0,0.0,0.0,0.0,0.0,1.0,0.0,1.0,1.0,0.0,1.0,0.0
0.9879759519038075,0.5,0.10714285714285712,0.1947791164658632,0.6923076923076924,0.12000000000000005,0.0,1.0,0.0,0.0,0.0,0.0,1.0,1.0,0.0,1.0,0.0,1.0,0.0
0.9899799599198396,0.0,0.3214285714285714,0.6184738955823292,0.876923076923077,0.44,0.0,1.0,1.0,0.0,0.0,0.0,0.0,1.0,0.0,1.0,0.0,0.0,1.0
0.9919839679358716,1.0,0.14285714285714285,0.5642570281124497,0.32307692307692315,0.09333333333333338,1.0,0.0,0.0,0.0,1.0,0.0,0.0,1.0,0.0,1.0,0.0,1.0,0.0
0.9939879759519037,0.25,0.8928571428571428,0.21887550200803196,0.2615384615384616,0.72,1.0,0.0,0.0,0.0,0.0,1.0,0.0,1.0,0.0,1.0,0.0,0.0,1.0
0.9959919839679358,0.75,0.5,0.44377510040160617,0.3384615384615385,0.5466666666666666,1.0,0.0,0.0,0.0,1.0,0.0,0.0,1.0,0.0,0.0,1.0,0.0,1.0
0.9979959919839678,0.5,0.9642857142857142,0.8253012048192769,0.13846153846153852,0.8800000000000001,0.0,1.0,0.0,0.0,0.0,0.0,1.0,0.0,1.0,1.0,0.0,0.0,1.0
0.9999999999999999,0.0,0.9642857142857142,0.5060240963855422,0.06153846153846154,0.72,0.0,1.0,0.0,1.0,0.0,0.0,0.0,1.0,0.0,0.0,1.0,0.0,1.0
